sample_id,split,age_group,gender,situation_keyword,physical_disease,emotion_major,emotion_minor,service_label,text,persona_id,talk_id,emotion_code,situation_code,tired_seed_candidate,tired_seed_candidate_reason,tired_seed_manual_keep,tired_seed_manual_note,service_label_original
train-000022,train,청년,여성,"진로,취업,직장",해당없음,슬픔,마비된,SAD,어제도 야근 오늘도 야근이야. 너무 힘들어. 솔직히 말하자면 굳이 야근할 일이 아니야. 근데 상사가 자꾸 야근을 시키니 미치겠어.,Pro_05356,Pro_05356_00012,E25,S06_D02,True,strict-physical-fatigue-candidate,True,manual-keep-physical-fatigue-seed,SAD
train-000041,train,청년,여성,"진로,취업,직장",해당없음,슬픔,비통한,SAD,직장 생활 육 개월 차인데 아직도 적응하기가 힘들어. 사회생활이 이렇게 괴롭고 슬픈 일이 많을 줄 몰랐어. 입사하고 나서 정시에 퇴근한 적이 거의 없고 항상 야근만 했어. 근데 회사에서는 야근 수당도 주지 않아.,Pro_05353,Pro_05353_00023,E22,S06_D02,True,strict-physical-fatigue-candidate,True,manual-keep-physical-fatigue-seed,SAD
train-000084,train,청년,여성,"진로,취업,직장",해당없음,당황,외로운,SAD,요새 회사 끝나고 오면 피곤해서 친구도 보기 귀찮고 휴대전화만 하게 되는 거 같아. 신제품 출시가 얼마 안 남아서 계속 야근했어. 답답한 마음 말할 데도 없고 어쩐지 외롭네.,Pro_05384,Pro_05384_00012,E53,S06_D02,True,strict-physical-fatigue-candidate,True,manual-keep-physical-fatigue-seed,SAD
train-000365,train,청년,남성,"연애,결혼,출산",해당없음,불안,취약한,ANXIOUS,여자친구가 더 이상 구질구질하게 사귀기 싫다며 헤어지자네. 그래 너무 힘들어. 아무것도 할 기력이 없어. 글쎄. 어떻게 해야 이별을 극복할 수 있을지 나는 모르겠어.,Pro_03684,Pro_03684_00013,E33,S05_D02,True,strict-physical-fatigue-candidate,False,manual-reject-non-physical-or-mixed-context,ANXIOUS
train-000540,train,청소년,남성,학업 및 진로,해당없음,분노,성가신,ANGRY,공부해야 하는데 너무 졸려서 큰일이야. 왜 놀 때는 안 졸리다가 공부만 하려 하면 졸릴까? 잠 깰 때까지 일어서서 공부해야겠어.,Pro_00190,Pro_00190_00005,E19,S02_D02,True,strict-physical-fatigue-candidate,True,manual-keep-physical-fatigue-seed,ANGRY
train-000588,train,중년,여성,건강,해당없음,분노,안달하는,ANXIOUS,자식들과 오래 함께 살고 싶어서 열심히 운동하고 있지만 쉽지 않아. 체력 때문에 쉽게 지치게 되네. 삼십 분씩 조깅하고 스트레칭을 하고 있어. 더 달리고 싶은데 금방 지쳐버리네. 좋은 음식을 잘 챙겨 먹고 운동을 더 열심히 해야겠어. 평지를 달리는 것뿐 아니라 등산 같은 운동도 병행해 볼까 해.,Pro_08827,Pro_08827_00030,E16,S09_D02,True,strict-physical-fatigue-candidate,True,manual-keep-physical-fatigue-seed,ANXIOUS
train-001019,train,중년,여성,건강,해당없음,불안,걱정스러운,ANXIOUS,요즘 잠에 잘 못 드는 날이 많아 걱정이야. 불면증에 대한 불안감 때문에 온몸이 피곤하고 땀에 흠뻑 젖기도 해. 낮에 야외 활동을 하고 자기 전에 반신욕을 해볼까?,Pro_08848,Pro_08848_00034,E37,S09_D02,True,strict-physical-fatigue-candidate,True,manual-keep-physical-fatigue-seed,ANXIOUS
train-002238,train,중년,여성,건강,해당없음,불안,회의적인,ANXIOUS,건강하게 나이 드는 게 생각보다 쉬운 일이 아니네. 특별히 아픈 곳이 없더라도 금방 피곤하고 기력이 없어서 우울해져. 규칙적인 생활과 운동이 중요하지.,Pro_08847,Pro_08847_00005,E36,S09_D02,True,strict-physical-fatigue-candidate,True,manual-keep-physical-fatigue-seed,ANXIOUS
train-002239,train,중년,여성,건강,해당없음,불안,회의적인,ANXIOUS,나이가 들어서 그런지 만사가 귀찮고 기력이 없어. 인터넷 건강 정보를 챙겨 보려고 해도 서로 다른 말들이 너무 많아서 모르겠어. 직접 병원에 가는 게 가장 좋은 것 같아.,Pro_08847,Pro_08847_00012,E36,S09_D02,True,strict-physical-fatigue-candidate,True,manual-keep-physical-fatigue-seed,ANXIOUS
train-002317,train,청년,여성,"진로,취업,직장",해당없음,분노,툴툴대는,ANGRY,직장생활 오 년째인데 아직도 신입사원 때랑 월급이 비슷해. 일한 만큼 보상도 없고 회사도 집이랑 멀어서 출퇴근도 힘들어. 큰 성과를 내면 연봉 협상에서 인상을 요구할 수 있어. 올해에는 분발해서 내년 연봉을 올려 받을 거야.,Pro_05342,Pro_05342_00047,E11,S06_D02,True,strict-physical-fatigue-candidate,True,manual-keep-physical-fatigue-seed,ANGRY
train-002402,train,중년,남성,건강,해당없음,불안,스트레스 받는,ANXIOUS,최근 들어 몸이 아주 힘들고 체력이 달리네. 퇴근하고 오면 몸도 무겁고 아침에 일어나기도 힘들어. 조금씩 산책이라도 해야겠어.,Pro_07283,Pro_07283_00021,E32,S09_D02,True,strict-physical-fatigue-candidate,True,manual-keep-physical-fatigue-seed,ANXIOUS
train-002616,train,청년,남성,"연애,결혼,출산",해당없음,당황,고립된,SAD,처가살이하고 있는데 아내의 가족들과 친하게 지내는 게 너무 힘들어. 홀로 고립된 기분이야. 집이 제일 편해야 하는 공간인데 퇴근 후가 더 불편해. 일부로 야근을 하고 싶을 정도야. 아내에게 솔직하게 말해야겠어.,Pro_03702,Pro_03702_00021,E51,S05_D02,True,strict-physical-fatigue-candidate,False,manual-reject-non-physical-or-mixed-context,SAD
train-002677,train,중년,여성,"직장, 업무 스트레스",해당없음,기쁨,편안한,CALM,오늘 정말 많이 바쁜 하루였어. 피곤하고 졸려. 바빴지만 막힘없이 술술 흘러가서 스트레스는 없어. 내일부턴 조금 쉬엄쉬엄해도 될 것 같아. 그래서 내일부터는 조금씩 휴식 시간을 가지려고.,Pro_08994,Pro_08994_00005,E63,S10_D02,True,strict-physical-fatigue-candidate,True,manual-keep-physical-fatigue-seed,CALM
train-002712,train,중년,여성,건강,해당없음,상처,충격 받은,SAD,나 충격받았어. 요새 몸이 무겁다 했더니 체중이 많이 늘었어. 요즘 야식을 많이 먹어서 그런 거 같아.,Pro_08855,Pro_08855_00009,E44,S09_D02,True,strict-physical-fatigue-candidate,False,manual-reject-non-physical-or-mixed-context,SAD
train-003417,train,청년,남성,대인관계,해당없음,상처,괴로워하는,SAD,나는 능력이 다른 사람보다 부족한 것 같아. 나는 잘난 게 뭘까? 자꾸 일할 때마다 남들보다 뒤처지는 것 같고 자신감이 없어져. 요새 체력이 떨어져서 그런지 집중력도 안 좋은 것 같아서 일도 더 잘 안되는 기분이야.,Pro_03579,Pro_03579_00012,E48,S04_D02,True,strict-physical-fatigue-candidate,False,manual-reject-non-physical-or-mixed-context,SAD
train-003647,train,중년,남성,"대인관계(부부, 자녀)",해당없음,기쁨,기쁨,HAPPY,아이가 원하던 대학교에 합격했어. 코로나 때문에 채용 일정이 무기한 연기래. 매일 야근이라 정말 힘들어.,Pro_07071,Pro_07071_00008,E60,S07_D02,True,strict-physical-fatigue-candidate,False,manual-reject-non-physical-or-mixed-context,HAPPY
train-003840,train,중년,여성,"직장, 업무 스트레스",해당없음,불안,스트레스 받는,ANXIOUS,매일 야근이라 너무 피곤해. 일이 많으니 마음대로 퇴근도 못 해. 건강을 신경 쓸 틈이 없네.,Pro_08963,Pro_08963_00017,E32,S10_D02,True,strict-physical-fatigue-candidate,True,manual-keep-physical-fatigue-seed,ANXIOUS
train-004556,train,중년,여성,"직장, 업무 스트레스",해당없음,상처,괴로워하는,SAD,오늘 세 시간 정도 야근해야겠네. 벌써 삼 일째 야근인데 체력이 바닥난 거 같고 괴롭다. 평소에도 비염이 있어서 코가 좋지 않거든. 근데 잇따른 야근에 체력이 떨어지니 감기 증세도 함께 오고 있어.,Pro_08979,Pro_08979_00011,E48,S10_D02,True,strict-physical-fatigue-candidate,True,manual-keep-physical-fatigue-seed,SAD
train-005405,train,중년,남성,건강,해당없음,불안,당혹스러운,ANXIOUS,며칠 동안 연달아서 야근하고 그랬더니 너무 피곤해. 며칠 야근했다고 오늘은 코피가 나고 현기증에 쓰러질 뻔하기까지 했어. 정말 황당하고 당혹스러웠어.,Pro_07286,Pro_07286_00009,E35,S09_D02,True,strict-physical-fatigue-candidate,True,manual-keep-physical-fatigue-seed,ANXIOUS
train-005565,train,중년,남성,건강,해당없음,슬픔,눈물이 나는,SAD,요즘 아침마다 몸이 붓고 조금만 움직여도 피곤해서 힘들어. 여기저기 아프지 않은 곳도 없고. 간이랑 신장이 좋지 않고 혈압도 상당히 높대. 평소에 술 담배 많이 한 게 너무 후회돼.,Pro_07278,Pro_07278_00022,E27,S09_D02,True,strict-physical-fatigue-candidate,True,manual-keep-physical-fatigue-seed,SAD
train-005661,train,청년,여성,"진로,취업,직장",해당없음,당황,외로운,SAD,이직한 지 아직 일주일째라 친한 사람이 없어서 외로워. 퇴근 후에 운동하면서 생각을 하지 않으려 해. 그러면 정리도 되고 녹초가 되면 몸은 힘들어도 마음은 편해지거든.,Pro_05384,Pro_05384_00017,E53,S06_D02,True,strict-physical-fatigue-candidate,False,manual-reject-non-physical-or-mixed-context,SAD
train-005697,train,중년,여성,건강,해당없음,상처,괴로워하는,SAD,불면증으로 힘들어. 잠을 잘 수 없어 너무 괴로워. 온종일 어지러운 상태야. 한시간이라도 푹 잤으면 좋겠어.,Pro_08859,Pro_08859_00010,E48,S09_D02,True,strict-physical-fatigue-candidate,True,manual-keep-physical-fatigue-seed,SAD
train-006048,train,청년,남성,"진로,취업,직장",해당없음,불안,조심스러운,ANXIOUS,힘들게 취업하였는데 업무가 많다 보니 야근을 자주 하게 되어 몸과 마음이 너무 힘들어. 신입사원이다 보니 투정으로 비칠까 봐 먼저 이야기를 꺼내기가 조심스러워. 난 힘든데 같이 입사한 동기는 힘든 내색을 안 해서 더 조심스러워져.,Pro_03809,Pro_03809_00037,E38,S06_D02,True,strict-physical-fatigue-candidate,True,manual-keep-physical-fatigue-seed,ANXIOUS
train-006132,train,중년,남성,건강,해당없음,당황,혼란스러운,ANXIOUS,갑자기 체력이 떨어져 혼란스러워. 가끔 실신할 것처럼 숨이 안 쉬어지고 하늘이 노래져. 병원에서는 별 이상이 없다고 하는데 왜 그러는지 알 수 없어서 더 혼란스러워.,Pro_07310,Pro_07310_00002,E59,S09_D02,True,strict-physical-fatigue-candidate,True,manual-keep-physical-fatigue-seed,ANXIOUS
train-006512,train,중년,남성,건강,해당없음,당황,열등감,SAD,아직 팔팔해야 할 나이인데 다른 친구들에 비해 기력이 떨어지는 것 같아. 친구들과 등산 가보면 이제 힘이 들어. 친구들 따라 산 오르다 보면 나만 뒤처지네. 등산을 꽤 다녔지만 점점 체력이 떨어져. 다른 친구들은 아직 팔팔한데.,Pro_07305,Pro_07305_00003,E54,S09_D02,True,strict-physical-fatigue-candidate,True,manual-keep-physical-fatigue-seed,SAD
train-007087,train,중년,여성,건강,해당없음,불안,회의적인,ANXIOUS,건강하게 나이 드는 게 생각보다 쉬운 일이 아닌 것 같아. 아프지는 않은데 기력이 없고 피로가 쉽게 와. 나이 드는 게 느껴져 좀 울적해. 응. 이렇다 할 문제는 없다고 해.,Pro_08847,Pro_08847_00006,E36,S09_D02,True,strict-physical-fatigue-candidate,True,manual-keep-physical-fatigue-seed,ANXIOUS
train-007099,train,중년,여성,"직장, 업무 스트레스",해당없음,기쁨,감사하는,HAPPY,요즘 매일 야근이라 피곤하고 힘든데 상사 덕분에 다행이야. 바쁜데도 다행히 상사가 연차를 쓰도록 허락해 줘서 너무 고마워.,Pro_08992,Pro_08992_00008,E61,S10_D02,True,strict-physical-fatigue-candidate,False,manual-reject-non-physical-or-mixed-context,HAPPY
train-007296,train,청년,여성,"진로,취업,직장",해당없음,분노,짜증내는,ANGRY,내 바로 상사가 자꾸 나에게만 어려운 업무를 나눠주어서 짜증이 나. 매일 야근하느라 힘들어. 상사가 나만 미워하는 것 같아. 요즘 상사 때문에 잠도 제대로 잘 못 잔다니까. 상사가 내게 커피 심부름을 시킨 적이 있는데 내가 실수로 잘못 주문해왔거든. 그 이후로 나를 못살게 구는 것 같아.,Pro_05344,Pro_05344_00003,E13,S06_D02,True,strict-physical-fatigue-candidate,False,manual-reject-non-physical-or-mixed-context,ANGRY
train-007333,train,청년,여성,"진로,취업,직장",해당없음,슬픔,슬픔,SAD,일이 너무 많아서 힘들어. 야근이 없다면 에너지가 충전될 텐데. 너무 힘들 땐 동료에게 야근을 대신해달라고 부탁해볼래.,Pro_05351,Pro_05351_00031,E20,S06_D02,True,strict-physical-fatigue-candidate,True,manual-keep-physical-fatigue-seed,SAD
train-007361,train,청년,여성,"연애,결혼,출산",해당없음,분노,짜증내는,ANGRY,나 임신했는데 지하철에서 사람들이 임산부 자리를 양보하지 않아. 출퇴근 시간에 사람이 많은데 서서 가야 할 때 너무 힘들어.,Pro_05224,Pro_05224_00009,E13,S05_D02,True,strict-physical-fatigue-candidate,True,manual-keep-physical-fatigue-seed,ANGRY
train-007949,train,중년,여성,"직장, 업무 스트레스",해당없음,슬픔,낙담한,SAD,매일매일 야근을 하는데도 일은 줄지 않고 부장님은 빨리 안 한다고 채근하시고 너무 스트레스가 많아서 힘들어. 그래선지 요즘 머리카락이 부쩍 빠진 것 같아. 얼마나 상심이 되던지.,Pro_08959,Pro_08959_00004,E28,S10_D02,True,strict-physical-fatigue-candidate,True,manual-keep-physical-fatigue-seed,SAD
train-008621,train,청년,여성,"진로,취업,직장",해당없음,슬픔,우울한,SAD,야근 때문에 쉬지도 못하고 피곤하고 너무 힘들어. 상사는 빨리하라고 닦달하는 바람에 스트레스 풀 시간도 없다고. 정말 우울해. 모르겠어! 해결할 방법이 있으면 이러고 있지도 않지.,Pro_05355,Pro_05355_00019,E24,S06_D02,True,strict-physical-fatigue-candidate,True,manual-keep-physical-fatigue-seed,SAD
train-008860,train,청년,여성,대인관계,해당없음,불안,걱정스러운,ANXIOUS,남자친구가 요즘 너무 피곤하다고 해서 걱정이 돼. 남자친구가 회사에 다니는데 일이 너무 많아서 야근을 밥 먹듯 해. 이러다 건강까지 해칠까 봐 걱정이 돼. 지금 당장 해결은 못 할 것 같고 그냥 지금 하는 프로젝트가 빨리 끝이 나기를 바라고 있어.,Pro_05128,Pro_05128_00014,E37,S04_D02,True,strict-physical-fatigue-candidate,False,manual-reject-non-physical-or-mixed-context,ANXIOUS
train-009080,train,청년,남성,"진로,취업,직장",해당없음,상처,희생된,SAD,우리 팀이 전체 실적 일등을 달성해서 너무 기쁘지만 한편으로는 좀 우울해. 나만 팀에 희생하는 것 같아서 좀 우울해. 이번에도 나만 매일 야근했거든. 응 너무 힘들어서 다음 프로젝트에서는 나도 남들이 하는 만큼만 하려고.,Pro_03817,Pro_03817_00019,E46,S06_D02,True,strict-physical-fatigue-candidate,True,manual-keep-physical-fatigue-seed,SAD
train-009382,train,중년,남성,"직장, 업무 스트레스",해당없음,상처,희생된,SAD,직장에서 나만 손해 보는 느낌이야. 매일 나만 야근하니까 너무 힘들어. 그래서 팀장님한테 하소연이라도 해야겠어.,Pro_07417,Pro_07417_00020,E46,S10_D02,True,strict-physical-fatigue-candidate,True,manual-keep-physical-fatigue-seed,SAD
train-009786,train,중년,여성,"직장, 업무 스트레스",해당없음,분노,성가신,ANGRY,푹 쉬고 싶다. 맞아. 회사에서 갑자기 새로운 프로젝트를 우리 팀에서 맡으라고 하네. 야근하는 것도 힘들고 직원들 일 많이 주면 엄청나게 싫어하는데 걱정이야.,Pro_08950,Pro_08950_00019,E19,S10_D02,True,strict-physical-fatigue-candidate,True,manual-keep-physical-fatigue-seed,ANGRY
train-009892,train,중년,남성,"직장, 업무 스트레스",해당없음,슬픔,비통한,SAD,야근도 많고 출장으로 잦아서 몸도 지치고 마음도 힘들어. 힘들고 지친 몸을 주말에는 휴식으로 풀고 싶은데 부인과 애들은 자꾸 외출하자고 하고. 피곤해.,Pro_07393,Pro_07393_00011,E22,S10_D02,True,strict-physical-fatigue-candidate,True,manual-keep-physical-fatigue-seed,SAD
train-010112,train,청년,남성,"진로,취업,직장",해당없음,상처,희생된,SAD,오늘도 야근했어. 신입이 일 처리가 늦어서 하게 됐지. 신입 때문에 자주 야근하게 돼서 너무 힘들어.,Pro_03817,Pro_03817_00018,E46,S06_D02,True,strict-physical-fatigue-candidate,True,manual-keep-physical-fatigue-seed,SAD
train-010555,train,중년,남성,"직장, 업무 스트레스",해당없음,불안,두려운,ANXIOUS,요즘 야근이 많아서 피곤해. 식사를 제대로 하고 운동도 틈틈이 하고 있어.,Pro_07402,Pro_07402_00012,E31,S10_D02,True,strict-physical-fatigue-candidate,True,manual-keep-physical-fatigue-seed,ANXIOUS
train-010812,train,중년,남성,"직장, 업무 스트레스",해당없음,분노,구역질 나는,ANGRY,어제도 야근했더니 너무 힘들어. 요새 계속 야근이야. 일하다 보면 너무 힘들어서 토할 것 같은 기분이 들어. 휴식이 필요해.,Pro_07388,Pro_07388_00010,E17,S10_D02,True,strict-physical-fatigue-candidate,True,manual-keep-physical-fatigue-seed,ANGRY
train-010938,train,중년,여성,"직장, 업무 스트레스",해당없음,상처,희생된,SAD,팀원들은 일이 있건 없건 매일 칼퇴근이야. 위에서는 압박을 주니 나 혼자 매일 야근하느라 너무 힘들어. 팀끼리 경쟁하는 입장이라 나 어렵다고 얘기하기는 쉽지가 않네.,Pro_08977,Pro_08977_00020,E46,S10_D02,True,strict-physical-fatigue-candidate,True,manual-keep-physical-fatigue-seed,SAD
train-011026,train,중년,여성,"직장, 업무 스트레스",해당없음,슬픔,마비된,SAD,너무 힘들어. 요즘 업무가 너무 많아 몸이 녹초가 됐어.,Pro_08956,Pro_08956_00006,E25,S10_D02,True,strict-physical-fatigue-candidate,True,manual-keep-physical-fatigue-seed,SAD
train-011193,train,청년,여성,"진로,취업,직장",해당없음,분노,구역질 나는,ANGRY,이번 달에 이틀 빼고 야근했어. 정말 힘들어. 정말 힘들어. 쉴 겨를도 없이 출근 퇴근만 하니까 너무 삭막해. 응. 그럴 것 같아. 다음 달에도 일이 많아.,Pro_05348,Pro_05348_00028,E17,S06_D02,True,strict-physical-fatigue-candidate,True,manual-keep-physical-fatigue-seed,ANGRY
train-011630,train,중년,여성,"직장, 업무 스트레스",해당없음,상처,괴로워하는,SAD,너무 힘들다. 편해지기는커녕 갈수록 더 힘들어져. 직장 업무가 나날이 벅차. 게다가 사람들은 야근하는 사람 앞에서 속 모르는 소리만 하고.,Pro_08979,Pro_08979_00007,E48,S10_D02,True,strict-physical-fatigue-candidate,True,manual-keep-physical-fatigue-seed,SAD
train-011636,train,중년,여성,"직장, 업무 스트레스",해당없음,분노,짜증내는,ANGRY,짜증 나서 직장 그만두고 싶다. 수당 없이 야근할 때도 많은데 내가 힘들어하면 내 탓만 하고 너무 답답해서 폭발해버리겠어.,Pro_08944,Pro_08944_00036,E13,S10_D02,True,strict-physical-fatigue-candidate,False,manual-reject-non-physical-or-mixed-context,ANGRY
train-011815,train,중년,남성,"직장, 업무 스트레스",해당없음,슬픔,슬픔,SAD,업무가 많아서 쓰러질 것 같아. 집에 오면 녹초가 돼서 아무것도 할 수 없을 정도야. 남들은 일을 잘해서 취미생활도 한다는데 나는 일을 너무 못해. 무능력한 사람 같아. 똑같은 일을 제대로 처리 못 하니 무능력한 거지.,Pro_07391,Pro_07391_00005,E20,S10_D02,True,strict-physical-fatigue-candidate,True,manual-keep-physical-fatigue-seed,SAD
train-012616,train,청년,남성,"진로,취업,직장",해당없음,분노,짜증내는,ANGRY,나 진짜 일주일 내내 야근해서 너무 피곤해. 야근 때문에 내 시간은 하나도 없고 다 그만두고 싶다. 그래도 내일은 휴무니까 친구들 만나서 맛있는 거 먹고 스트레스 풀래.,Pro_03784,Pro_03784_00002,E13,S06_D02,True,strict-physical-fatigue-candidate,True,manual-keep-physical-fatigue-seed,ANGRY
train-012623,train,청년,남성,"진로,취업,직장",해당없음,불안,스트레스 받는,ANXIOUS,요즘 회사에서 자주 야근해서 하루하루가 고단해. 하루 종일 일만하고 집에 가서 잘 쉬지도 못하니까 힘들어. 일과 시간에 집중해서 퇴근시간에 맞춰 해야 할 일을 끝마쳐야겠어.,Pro_03803,Pro_03803_00019,E32,S06_D02,True,strict-physical-fatigue-candidate,True,manual-keep-physical-fatigue-seed,ANXIOUS
train-012631,train,청년,남성,"진로,취업,직장",해당없음,상처,괴로워하는,SAD,평일 내내 힘든 몸을 이끌고 회사에 출근하는 것이 죽겠어. 충분한 잠을 못 자서 그런지 아침에 일어나기도 힘들고 몸이 축 쳐지는 기분이야. 퇴근해서 잠자리에 일찍 들어야겠어. 수면시간을 늘려 회복해야지.,Pro_03819,Pro_03819_00042,E48,S06_D02,True,strict-physical-fatigue-candidate,True,manual-keep-physical-fatigue-seed,SAD
train-012749,train,청년,남성,"진로,취업,직장",해당없음,분노,툴툴대는,ANGRY,아 짜증나. 밤 새서 만든 서류를 집에 두고 와버렸어. 졸려도 참아가면서 밤 새고 만든 건데 정말 화가 나. 택시 타고 집에 가거나 가족한테 갖고 와달라고 했어.,Pro_03782,Pro_03782_00016,E11,S06_D02,True,strict-physical-fatigue-candidate,True,manual-keep-physical-fatigue-seed,ANGRY
train-013176,train,청년,여성,"진로,취업,직장",해당없음,불안,취약한,ANXIOUS,요즘 야근이 잦아져서 너무 힘들어. 내가 체력이 좀 안 좋거든. 몸을 너무 무리하게 써서 쓰러지지 않을까 걱정이 돼. 회사에 진단서를 가져가서 미리 얘기를 해두어야겠어.,Pro_05364,Pro_05364_00036,E33,S06_D02,True,strict-physical-fatigue-candidate,True,manual-keep-physical-fatigue-seed,ANXIOUS
train-013403,train,청년,여성,"진로,취업,직장",해당없음,슬픔,환멸을 느끼는,ANGRY,야근 때문에 너무 힘들어. 입사 후 제때 퇴근해본 적이 없어. 아무래도 회사를 그만둬야 할 것 같아.,Pro_05360,Pro_05360_00026,E29,S06_D02,True,strict-physical-fatigue-candidate,True,manual-keep-physical-fatigue-seed,ANGRY
train-014697,train,중년,여성,"대인관계(부부, 자녀)",해당없음,불안,불안,ANXIOUS,요즘 딸 때문에 불안해서 잠이 안 와. 딸이 자주 외박을 해서 걱정되는 마음 때문에 나도 잠을 못 자고 힘들어. 내 말 듣지도 않을 거야. 할 수 있는 게 없어.,Pro_08601,Pro_08601_00033,E30,S07_D02,True,strict-physical-fatigue-candidate,False,manual-reject-non-physical-or-mixed-context,ANXIOUS
train-015107,train,청년,남성,"연애,결혼,출산",해당없음,분노,악의적인,ANGRY,아내가 입덧이 심해서 힘들어. 챙겨야 한다는 건 알지만 일하고 오면 피곤해 죽겠어. 밥은 고사하고 잘 움직이지도 않아. 나도 퇴근하고 오면 녹초가 되는데. 장모님이 전업주부시니까 부탁해 봐야겠어.,Pro_03666,Pro_03666_00009,E15,S05_D02,True,strict-physical-fatigue-candidate,False,manual-reject-non-physical-or-mixed-context,ANGRY
train-015481,train,노년,남성,"건강,죽음",만성질환 무,불안,걱정스러운,ANXIOUS,현기증이 날 때마다 내가 무슨 병에 걸린 건 아닐지 걱정이 들어. 현기증이 잘 안 났었는데 요즘 들어 현기증이 자주 나는 것 같아서 내심 불안해. 먼저 병원에 가봐야겠어. 가서 진료받고 괜찮은지 확인해야 마음이 덜 불안할 것 같아.,Pro_10648,Pro_10648_00047,E37,S11_D02,True,strict-physical-fatigue-candidate,True,manual-keep-physical-fatigue-seed,ANXIOUS
train-015772,train,청년,여성,"진로,취업,직장",해당없음,상처,"가난한, 불우한",SAD,왕복 세 시간 거리를 출퇴근을 하니까 너무 힘들고 피곤해. 회사 근처에 집값이 너무 비싸니까 여기서 왕복하는데 잘못해서 버스라도 놓치면 바로 지각이야. 회사 출근 시간보다 한 시간 일찍 도착한다고 생각하고 출근해야겠어.,Pro_05376,Pro_05376_00023,E45,S06_D02,True,strict-physical-fatigue-candidate,True,manual-keep-physical-fatigue-seed,SAD
train-015798,train,중년,여성,"직장, 업무 스트레스",해당없음,당황,혼란스러운,ANXIOUS,지금 다니고 있는 회사에서 업무가 너무 많아서 계속 다니기가 힘들어. 하루 종일 과중한 업무량으로 야근에 시달리다 보니 가족들에게 집에서 화만 내게 돼. 우선순위대로 급한 업무부터 처리해서 야근을 줄여 나가야겠어.,Pro_08990,Pro_08990_00021,E59,S10_D02,True,strict-physical-fatigue-candidate,True,manual-keep-physical-fatigue-seed,ANXIOUS
train-016689,train,청년,여성,"진로,취업,직장",해당없음,불안,스트레스 받는,ANXIOUS,출퇴근하는 지하철은 사람이 탈 곳이 못돼. 불편하고 피곤해. 마음이라도 편하게 넉넉하게 나와야겠어.,Pro_05363,Pro_05363_00036,E32,S06_D02,True,strict-physical-fatigue-candidate,True,manual-keep-physical-fatigue-seed,ANXIOUS
train-016794,train,노년,남성,대인관계,만성질환 무,슬픔,후회되는,SAD,항상 좋은 아버지가 되기 위해 돈을 벌어야했고 집에 가면 피곤해서 자식들이랑 대화를 하지 못한 부분이 후회가 돼. 항상 야근이다 회식이다 집에 돌아가서는 내 피곤함을 달래기 바빴는데 지나간 시간은 돌아오지 않아 후회가 되네. 앞으로는 회식을 하던 야근을 하던 일주일에 한 번씩은 꼭 자식들과 대화의 시간을 가져야겠어.,Pro_09794,Pro_09794_00035,E23,S04_D02,True,strict-physical-fatigue-candidate,False,manual-reject-non-physical-or-mixed-context,SAD
train-016918,train,노년,남성,대인관계,만성질환 무,상처,배신당한,SAD,퇴근하고 녹초가 되어서 왔더니 나 몰래 가족들이 보양식을 먹고 있었어. 지친 상태였는데 배신당한 기분까지 들어서 방으로 아무 말 없이 들어와 버렸네. 지금은 화가 나서 싸울 것 같으니까 내일 아내와 대화를 해 봐야겠어.,Pro_09813,Pro_09813_00060,E42,S04_D02,True,strict-physical-fatigue-candidate,False,manual-reject-non-physical-or-mixed-context,SAD
train-016983,train,중년,남성,건강,해당없음,당황,열등감,SAD,요즘 헬스장에 다니는데 도무지 사람들을 못 따라가겠어. 내가 제일 체력이 떨어지는 것 같아. 팔팔하게 이리저리 운동하는 사람들 볼 때마다 질투가 나더라고. 보약이라도 주문하던지 해야겠어. 체력 때문에 운동하는 건데 별 도리가 없네.,Pro_07305,Pro_07305_00006,E54,S09_D02,True,strict-physical-fatigue-candidate,True,manual-keep-physical-fatigue-seed,SAD
train-017691,train,청년,여성,"진로,취업,직장",해당없음,당황,남의 시선을 의식하는,ANXIOUS,나만 오늘도 야근이야. 어두운 사무실에서 늦게까지 혼자 일하는 게 힘들어. 다들 어떻게 그러게 빨리 일을 마치고 퇴근하는지 모르겠어. 나만 남아서 눈치도 보여. 그러게 말이야. 항상 칭찬받는 동기에게 조언을 좀 구해야겠어.,Pro_05383,Pro_05383_00007,E52,S06_D02,True,strict-physical-fatigue-candidate,True,manual-keep-physical-fatigue-seed,ANXIOUS
train-017872,train,중년,여성,"직장, 업무 스트레스",해당없음,상처,"가난한, 불우한",SAD,나이는 들고 체력이 떨어져서 그만두고 싶은데 돈을 벌어야 해서 그러지 못해서 상처받았어. 당장 수술을 받아야 하는데 경제적인 여건으로 일을 해야만 하는 내 자신이 상처야. 눈물만 흘렸어. 악착같이 그 상황을 견뎌냈지.,Pro_08976,Pro_08976_00002,E45,S10_D02,True,strict-physical-fatigue-candidate,True,manual-keep-physical-fatigue-seed,SAD
train-017884,train,노년,여성,"건강,죽음",만성질환 무,분노,짜증내는,ANGRY,요즘 남편과 요양시설에서 운동을 하고 있는데 남편보다 내가 훨씬 빨리 힘들어 하는 것 같아서 짜증이 나. 하루가 다르게 체력이 떨어지는 것을 느낄 때마다 자괴감 섞인 짜증이 나. 자녀와 같이 나가서 산책을 하고 올까 봐.,Pro_12184,Pro_12184_00030,E13,S11_D02,True,strict-physical-fatigue-candidate,True,manual-keep-physical-fatigue-seed,ANGRY
train-018052,train,청년,남성,"연애,결혼,출산",해당없음,불안,걱정스러운,ANXIOUS,아내가 회사에서 야근을 하는데 피곤해 보여서 걱정이야. 아내가 야근 시에도 피곤하지 않게 내가 도움을 주고 싶어. 야근하고 온 아내가 편히 쉴 수 있도록 집 청소를 해놓으면 좋을 것 같아.,Pro_03688,Pro_03688_00014,E37,S05_D02,True,strict-physical-fatigue-candidate,False,manual-reject-non-physical-or-mixed-context,ANXIOUS
train-018294,train,노년,여성,"건강,죽음",만성질환 무,당황,혐오스러운,ANXIOUS,병원에서 나 같은 늙은 노인을 받아주려고 하지 않아서 서글퍼. 오늘 기력이 없어서 병원에 갔는데 자리가 없어서 링거를 맞지 못하고 그냥 왔어. 지금 당장은 서글퍼도 다른 병원을 찾아가든가 죽이라도 먹고 기운을 차려야겠어.,Pro_12228,Pro_12228_00005,E57,S11_D02,True,strict-physical-fatigue-candidate,True,manual-keep-physical-fatigue-seed,ANXIOUS
train-018641,train,중년,여성,"직장, 업무 스트레스",해당없음,당황,한심한,ANGRY,나는 왜 이렇게 일 처리 속도가 느릴까? 늘 하는 일인데도 손에 익지가 않아. 너무 힘들어. 해도 해도 끝이 없고 다른 직원들은 다 퇴근하는데 나만 매일 나머지 공부하는 것처럼 야근의 연속이야. 하기 싫다 못하겠다는 생각을 버리고 집중력을 높여야 할 것 같아. 자신감도 많이 떨어진 상태니 노력해야겠지.,Pro_08989,Pro_08989_00003,E58,S10_D02,True,strict-physical-fatigue-candidate,True,manual-keep-physical-fatigue-seed,ANGRY
train-018691,train,노년,여성,"건강,죽음",만성질환 무,불안,취약한,ANXIOUS,늙고 기력이 없으니 집에서도 혼자 다니기가 힘들어 너무 우울해. 힘이 드니 집에서도 누워만 있어야겠어. 누워만 있으면 시간 아까우니 기력을 늘리기 위해 운동을 해야겠어.,Pro_12204,Pro_12204_00031,E33,S11_D02,True,strict-physical-fatigue-candidate,True,manual-keep-physical-fatigue-seed,ANXIOUS
train-019015,train,노년,남성,"건강,죽음",만성질환 무,불안,당혹스러운,ANXIOUS,요즘 앉았다가 일어서면 현기증이 나. 어디가 안 좋은지 불안해. 기립성 저혈압이 아닐까 의심돼. 어머니도 저혈압이셨거든. 이번 주말에 병원에 가서 바로 검사를 받아봐야겠어.,Pro_10646,Pro_10646_00011,E35,S11_D02,True,strict-physical-fatigue-candidate,True,manual-keep-physical-fatigue-seed,ANXIOUS
train-020238,train,중년,여성,"대인관계(부부, 자녀)",해당없음,당황,죄책감의,SAD,회사에서 매일 야근하다보니 아침에 피곤해서 수험생 딸 아침을 못 챙겨주네. 엄마가 피곤하다는 이유로 아침을 못 챙겨주니 너무 미안해. 저녁에 내일 아침식사까지 같이 준비해 놓고 자야겠어.,Pro_08626,Pro_08626_00025,E55,S07_D02,True,strict-physical-fatigue-candidate,True,manual-keep-physical-fatigue-seed,SAD
train-020353,train,중년,남성,"직장, 업무 스트레스",해당없음,슬픔,우울한,SAD,이젠 내가 가진 업무지식은 옛 시대의 산물이 되어 버렸어. 자주 그리고 너무 빨리 바뀌는 업무환경에 적응을 잘 못하는 거 같아 힘들어. 정말 필사적으로 따라가기 위해 야근도 불사하며 노력하고 있어.,Pro_07395,Pro_07395_00008,E24,S10_D02,True,strict-physical-fatigue-candidate,False,manual-reject-non-physical-or-mixed-context,SAD
train-021087,train,청소년,남성,학업 및 진로,해당없음,분노,분노,ANGRY,진짜 화나. 나는 이렇게 코피 나도록 공부하고 친구는 놀았는데 왜 친구가 나보다 성적이 좋지? 나는 해도 안 되나 봐. 어차피 타고난 애들이 다 해먹을 텐데 뭐. 조금 더 노력해보려고. 다음에는 꼭 내가 친구보다 더 좋은 성적을 받을 거야.,Pro_00181,Pro_00181_00019,E10,S02_D02,True,strict-physical-fatigue-candidate,False,manual-reject-non-physical-or-mixed-context,ANGRY
train-021200,train,청년,여성,"진로,취업,직장",해당없음,분노,툴툴대는,ANGRY,벌써 야근만 칠 일째야. 너무 피곤해. 다들 자기 업무 처리하느라 바빠. 다 같이 야근하는 입장이라 도와달라고 못해. 말씀 드렸다가 잘리면 어떡해? 두려운데.,Pro_05342,Pro_05342_00013,E11,S06_D02,True,strict-physical-fatigue-candidate,True,manual-keep-physical-fatigue-seed,ANGRY
train-021204,train,청년,여성,"진로,취업,직장",해당없음,분노,툴툴대는,ANGRY,이번 주말에 집에서 뒹굴 거리며 푹 쉬려고 했는데 갑자기 회사에서 출근하래. 심지어 월요일부터 금요일까지 야근했거든? 이번 주 너무 피곤한데 어떡하나. 아니. 격주로 돌아가면서 근무하는 걸로 알고 있어.,Pro_05342,Pro_05342_00037,E11,S06_D02,True,strict-physical-fatigue-candidate,True,manual-keep-physical-fatigue-seed,ANGRY
train-022710,train,중년,남성,"대인관계(부부, 자녀)",해당없음,슬픔,마비된,SAD,책상에 엎드려 자고 있던 아들을 일으켰는데 코피를 흘리고 있었어. 순간 정신이 마비됐어. 그 전날 공부를 하지 않는다며 잔소리한 게 생각나면서 슬펐어. 아들에게 나는 공부보단 네 건강이 더 중요하다며 말해줘야겠어.,Pro_07036,Pro_07036_00012,E25,S07_D02,True,strict-physical-fatigue-candidate,False,manual-reject-non-physical-or-mixed-context,SAD
train-023104,train,중년,남성,"직장, 업무 스트레스",해당없음,슬픔,눈물이 나는,SAD,비상근무로 벌써 한 달째 야근을 하고 있어. 너무 힘들고 서러워서 눈물이 날 정도야. 매일 늦게 퇴근하다 보니까 사랑하는 딸과 함께 저녁시간을 보낼 수 없어. 너무 속상해. 상사에게 양해를 구해서 휴가를 쓸 수 있으면 좋겠어.,Pro_07398,Pro_07398_00006,E27,S10_D02,True,strict-physical-fatigue-candidate,True,manual-keep-physical-fatigue-seed,SAD
train-023138,train,중년,남성,"직장, 업무 스트레스",해당없음,불안,스트레스 받는,ANXIOUS,야근에 회식까지 회사에 시간이 너무 많이 빼앗기는 것 같아서 스트레스가 많아. 이직 전 회사도 회식이 너무 잦아서 힘들었는데 여기도 다를 바가 없네. 말도 꺼내기 힘들어서 조용히 나왔어. 이번 직장에서는 적당히 치고 빠져야겠어.,Pro_07403,Pro_07403_00016,E32,S10_D02,True,strict-physical-fatigue-candidate,True,manual-keep-physical-fatigue-seed,ANXIOUS
train-023178,train,중년,남성,"직장, 업무 스트레스",해당없음,상처,괴로워하는,SAD,주 업무가 있는데 다른 업무들 때문에 매일 야근만 하고 있어 너무 힘들어. 주 업무도 매일 일정량을 해야 돼서 야근을 안 할 수가 없네. 회사 그만두고 싶어. 집에 가서 그냥 쉬고 싶어.,Pro_07419,Pro_07419_00015,E48,S10_D02,True,strict-physical-fatigue-candidate,True,manual-keep-physical-fatigue-seed,SAD
train-023195,train,중년,남성,"직장, 업무 스트레스",해당없음,상처,버려진,SAD,동료들과 야근 중에 피곤해서 잠깐 잠들었다가 깨보니 아무도 없었어. 다들 날 버리고 갔어. 다들 갔는데 나만 남겨둔 건 나 혼자 일하라는 거잖아. 정말 상처받았어. 지금은 속상해서 아무 생각도 안 떠올라.,Pro_07420,Pro_07420_00007,E49,S10_D02,True,strict-physical-fatigue-candidate,False,manual-reject-non-physical-or-mixed-context,SAD
train-023616,train,중년,여성,"대인관계(부부, 자녀)",해당없음,분노,성가신,ANGRY,밤에 잠이 잘 오지 않아 새벽에야 잠이 드는데 아침마다 깨워주어야 하니 너무 귀찮고 힘들어. 딸이 알람을 잘 듣지 못하는 건 알지만 불면증이 있는 나에게 부탁만 해 화나. 내 성가신 기분을 딸에게 잘 전달하고 알람을 여러 개 맞추도록 이야기 해봐야겠어.,Pro_08590,Pro_08590_00029,E19,S07_D02,True,strict-physical-fatigue-candidate,False,manual-reject-non-physical-or-mixed-context,ANGRY
train-023789,train,중년,여성,"직장, 업무 스트레스",해당없음,분노,분노,ANGRY,야근을 며칠하고 있는지 모르겠어. 며칠째인지 셀 수도 없어. 너무 힘들어. 지금은 바쁠 때라 어쩔 수 없지. 다 같이 힘든데 나만 빠질 수도 없고 말이야.,Pro_08941,Pro_08941_00022,E10,S10_D02,True,strict-physical-fatigue-candidate,True,manual-keep-physical-fatigue-seed,ANGRY
train-023838,train,중년,여성,"직장, 업무 스트레스",해당없음,분노,성가신,ANGRY,오늘도 야근이라 너무 지치고 피곤해. 삼 일째 야근 하고 있고 지난주도 야근을 했어. 답답하고 지쳐서 그만하고 싶어. 다음 주에 퇴사를 말하려고 해. 휴가라도 신청하든지.,Pro_08950,Pro_08950_00010,E19,S10_D02,True,strict-physical-fatigue-candidate,True,manual-keep-physical-fatigue-seed,ANGRY
train-023862,train,중년,여성,"직장, 업무 스트레스",해당없음,불안,스트레스 받는,ANXIOUS,오늘도 회사업무가 많아 야근해서 힘들어 아직도 일이 남아있어 이번 달은 계속 야근이야. 퇴근 후 집에서도 업무를 해야겠지.,Pro_08963,Pro_08963_00029,E32,S10_D02,True,strict-physical-fatigue-candidate,True,manual-keep-physical-fatigue-seed,ANXIOUS
train-023863,train,중년,여성,"직장, 업무 스트레스",해당없음,불안,스트레스 받는,ANXIOUS,오늘 회사에서 퇴근하기 전 갑자기 일을 시켜서 야근했어. 이럴 땐 회사 다니기 너무 힘들어. 가족들과 함께 산책을 좀 할까 봐.,Pro_08963,Pro_08963_00028,E32,S10_D02,True,strict-physical-fatigue-candidate,True,manual-keep-physical-fatigue-seed,ANXIOUS
train-023898,train,중년,여성,"직장, 업무 스트레스",해당없음,불안,조심스러운,ANXIOUS,기한 안에 자료를 제출하지 못할까 봐 불안해서 야근을 했어. 야근을 했더니 피곤해져서 더 스트레스를 받는 것 같아. 오늘은 퇴근하고 취미활동을 하며 기분을 풀어야겠어.,Pro_08969,Pro_08969_00002,E38,S10_D02,True,strict-physical-fatigue-candidate,False,manual-reject-non-physical-or-mixed-context,ANXIOUS
train-025654,train,노년,여성,"건강,죽음",만성질환 무,분노,안달하는,ANXIOUS,매일 운동을 하는데도 갈수록 체력이 떨어지는 게 느껴져서 화가 나. 혹시 운동하는 방법이 잘못돼서 그러는 걸까? 헬스장에 다니면서 체계적인 운동법을 배우는 게 좋겠어.,Pro_12187,Pro_12187_00019,E16,S11_D02,True,strict-physical-fatigue-candidate,True,manual-keep-physical-fatigue-seed,ANXIOUS
train-028406,train,중년,여성,건강,해당없음,슬픔,슬픔,SAD,매년 체력이 떨어지는 것 같아. 이제는 조금만 움직여도 쉽게 지쳐버려. 간단히 산책해볼까 해.,Pro_08831,Pro_08831_00004,E20,S09_D02,True,strict-physical-fatigue-candidate,True,manual-keep-physical-fatigue-seed,SAD
train-028417,train,중년,여성,"직장, 업무 스트레스",해당없음,슬픔,우울한,SAD,요새 회사에서 계속 야근하니까 너무 힘들어. 일을 해도 해도 안 끝나는 것 같아. 열심히 하는데도 끝이 보이지 않아. 사람을 더 뽑아 달라니까 뽑아 주지도 않고. 돈 아낀다고 있는 사람들만 들들 볶고 있지. 인력 충원이 필요한데 요구해도 해주지 않아서 힘들어.,Pro_08955,Pro_08955_00010,E24,S10_D02,True,strict-physical-fatigue-candidate,True,manual-keep-physical-fatigue-seed,SAD
train-028568,train,노년,남성,"건강,죽음",만성질환 무,기쁨,자신하는,HAPPY,나 요즘 너무 규칙적인 생활을 하고 있어. 그런데 자꾸 새벽에 잠이 깨. 수면 시간이 짧아지니 오후에 졸려서.,Pro_10680,Pro_10680_00001,E69,S11_D02,True,strict-physical-fatigue-candidate,True,manual-keep-physical-fatigue-seed,HAPPY
train-028867,train,청년,남성,"진로,취업,직장",해당없음,불안,취약한,ANXIOUS,의사가 되는 과정에서도 항상 코피 흘리며 힘들었지만 사실 지금이 더 힘들어. 우리나라의 취약한 의사 대접에 원통해. 의사들이 단체로 반발하고 파업을 해서 권위를 높여야 해.,Pro_03804,Pro_03804_00030,E33,S06_D02,True,strict-physical-fatigue-candidate,True,manual-keep-physical-fatigue-seed,ANXIOUS
train-029328,train,중년,여성,건강,해당없음,분노,분노,ANGRY,나는 늘 열심히 운동하고 건강에 신경쓰는데 왜 나이에 비해서 체력이 떨어지는지 모르겠어. 운동만 하는 것이 아니라 좋은 음식을 먹도록 노력해봐야겠어.,Pro_08821,Pro_08821_00005,E10,S09_D02,True,strict-physical-fatigue-candidate,True,manual-keep-physical-fatigue-seed,ANGRY
train-029545,train,중년,남성,"직장, 업무 스트레스",해당없음,분노,방어적인,ANGRY,어제 일이 너무 많아서 야근을 했지 뭐야! 피곤해 조금 쉬고 싶어. 직장 업무 스트레스로 이러다 쓰러지지나 않을지 모르겠어.,Pro_07385,Pro_07385_00011,E14,S10_D02,True,strict-physical-fatigue-candidate,True,manual-keep-physical-fatigue-seed,ANGRY
train-029672,train,중년,여성,"직장, 업무 스트레스",해당없음,슬픔,눈물이 나는,SAD,어제 회사에서 또 야근을 했어. 너무 힘들어. 너무 힘들어. 그래도 일을 해야 하니 어쩔 수 없지.,Pro_08958,Pro_08958_00010,E27,S10_D02,True,strict-physical-fatigue-candidate,True,manual-keep-physical-fatigue-seed,SAD
train-030900,train,청년,여성,"진로,취업,직장",해당없음,상처,괴로워하는,SAD,아무리 야근을 해도 승진은 안되고 급여는 그대로야. 너무 지치고 힘들어. 응. 내 여기서 미래가 보여지는 것 같지 않아서 너무 답답하고 우울해. 오랜만에 나가서 바람도 쐬고 영화를 봐야겠어.,Pro_05379,Pro_05379_00015,E48,S06_D02,True,strict-physical-fatigue-candidate,True,manual-keep-physical-fatigue-seed,SAD
train-032362,train,중년,여성,"대인관계(부부, 자녀)",해당없음,상처,희생된,SAD,내가 이십년 넘게 주부로 살면서 남편 애들에게는 제일 좋은 것 먹이고 제일 좋은 것 입히고 살았는데 막상 나는 남은 음식이나 먹고 새 옷을 산 지도 오래야. 요즘 체력이 떨어져서 요가라도 좀 배워보고 싶은데 그 돈이면 애들 쇠고기라도 더 먹인다는 생각이 들어서 엄두가 안 나네. 큰돈이 드는 것도 아니니 일단 얘기를 해볼까?,Pro_08617,Pro_08617_00022,E46,S07_D02,True,strict-physical-fatigue-candidate,True,manual-keep-physical-fatigue-seed,SAD
train-032805,train,중년,남성,"직장, 업무 스트레스",해당없음,기쁨,감사하는,HAPPY,이번 주면 하반기 기획안 마무리될 것 같아서 다행이다. 지난주까지 매일 야근하느라 너무 힘들고 스트레스 받았거든. 어. 그래도 이번 주에 보고하고 나면 한동안은 스트레스가 확 줄어들 것 같아.,Pro_07432,Pro_07432_00007,E61,S10_D02,True,strict-physical-fatigue-candidate,False,manual-reject-non-physical-or-mixed-context,HAPPY
train-032806,train,중년,남성,건강,해당없음,상처,"가난한, 불우한",SAD,요즘 나이가 들어서 그런지 통 기력이 없어. 어. 일도 바쁘고 체력도 많이 떨어졌어. 한의원에 갔더니 한약을 추천하더라고. 그런데 한약 값이 너무 비싸서 엄두를 못 내겠더라고.,Pro_07296,Pro_07296_00012,E45,S09_D02,True,strict-physical-fatigue-candidate,True,manual-keep-physical-fatigue-seed,SAD
train-033110,train,중년,여성,"직장, 업무 스트레스",해당없음,상처,"가난한, 불우한",SAD,요즘 야근이 많아서 너무 피곤한데 돈 때문에 계속 다녀야 하는 게 힘들어. 나만 왜 이렇게 가난한지 모르겠어.,Pro_08976,Pro_08976_00016,E45,S10_D02,True,strict-physical-fatigue-candidate,True,manual-keep-physical-fatigue-seed,SAD
train-033120,train,청년,여성,"진로,취업,직장",해당없음,상처,희생된,SAD,요즘 야근이 많아 피곤해. 일주일에 세 번 이상하고 있어. 주말에도 토요일은 거의 나가서 일하고 있어. 응. 갑자기 바빠져서 충원도 이야기 해 봤지만 요즘 경기가 어렵다고 우리가 희생 좀 해달라고 하네.,Pro_05377,Pro_05377_00020,E46,S06_D02,True,strict-physical-fatigue-candidate,True,manual-keep-physical-fatigue-seed,SAD
train-033955,train,청년,남성,대인관계,해당없음,슬픔,낙담한,SAD,나 요즘 매일 퇴사를 고민 중이라 힘들어. 사람들은 내가 좋은 직장에 다닌다고 부러워하지만 사실 아니야. 야근이 너무 많고 실적 압박도 커서 견디기 힘들어.,Pro_03559,Pro_03559_00007,E28,S04_D02,True,strict-physical-fatigue-candidate,True,manual-keep-physical-fatigue-seed,SAD
train-034867,train,노년,남성,재정,만성질환 무,불안,걱정스러운,ANXIOUS,매일 밤 잠들기가 어려워. 너무나 불안해. 내일이 불안해. 당장 돈도 없고 나이는 들었고 미래가 불안해서 잠이 오지 않아. 가족들과 이야기해 봐야겠어. 잠을 잘 수 없어서 하루하루가 피곤하고 우울해.,Pro_10888,Pro_10888_00015,E37,S13_D02,True,strict-physical-fatigue-candidate,False,manual-reject-non-physical-or-mixed-context,ANXIOUS
train-035154,train,청년,여성,"진로,취업,직장",해당없음,분노,안달하는,ANXIOUS,오늘 피곤해서 빨리 퇴근하고 쉬려고 했는데 상사가 갑자기 야근시켰어. 짜증나. 왜 맨날 갑자기 야근시키는지 모르겠어. 시키는데 안 할 수도 없고. 최대한 빨리하고 가는 수밖에 없지. 빨리 끝내고 집에 가서 쉬어야겠어.,Pro_05347,Pro_05347_00029,E16,S06_D02,True,strict-physical-fatigue-candidate,True,manual-keep-physical-fatigue-seed,ANXIOUS
train-036122,train,청소년,여성,학업 및 진로,해당없음,당황,한심한,ANGRY,쪽지시험이 있다는 것을 까먹었어. 사실 알고 있었는데 너무 졸려서 곯아 떨어져 버렸어. 아니 잠을 않자더라도 나는 공부 안 했을 꺼야. 나는 정말 한심해.,Pro_01789,Pro_01789_00039,E58,S02_D02,True,strict-physical-fatigue-candidate,True,manual-keep-physical-fatigue-seed,ANGRY
train-038112,train,노년,여성,"건강,죽음",만성질환 유,불안,불안,ANXIOUS,요새는 직장에 나가는 것이 두려울 때가 있어. 불면증이 매우 심해서 잠을 제대로 못 이루다 보니 정신적으로나 육체적으로 힘들어. 직장에서도 업무를 보는 데 어려움이 많고. 업무 성과가 낮으니 직장에서 불이익을 받을까 봐 초조하고 걱정이 돼. 솔직히 털어놓고 얘기해서 해결책을 찾아야 할 것 같아.,Pro_12141,Pro_12141_00025,E30,S11_D01,True,strict-physical-fatigue-candidate,True,manual-keep-physical-fatigue-seed,ANXIOUS
train-038714,train,노년,남성,대인관계,만성질환 무,슬픔,후회되는,SAD,어제도 야근해서 너무 피곤해 죽겠어. 업종이 피곤하고 야근을 거의 매일 해야 하는 직업이라 매일 야근해. 낮에도 제대로 못 쉬고 힘들어. 그만둘 수도 없고 너무 슬프고 서글퍼.,Pro_09794,Pro_09794_00016,E23,S04_D02,True,strict-physical-fatigue-candidate,True,manual-keep-physical-fatigue-seed,SAD
train-038945,train,노년,여성,대인관계,만성질환 무,슬픔,마비된,SAD,난 요즘 식욕이 없고 밤에 잠이 오지 않아 낮에도 늘 피곤한 상태여서 사람 만나기가 꺼려져. 문득 지난 세월을 돌이켜보니 모든 게 허무하게 느껴지며 늙어간다는 것이 슬퍼. 조금 더 노력해보고 개선되지 않으면 병원에 가서 약을 처방받아야겠어.,Pro_11356,Pro_11356_00011,E25,S04_D02,True,strict-physical-fatigue-candidate,False,manual-reject-non-physical-or-mixed-context,SAD
train-039228,train,노년,여성,대인관계,만성질환 무,슬픔,슬픔,SAD,소득이 일정하지가 않아. 그래서 힘들어도 먹고 살려면 열심히 일해야 하는데. 문제는 일만 해야 해. 그래서 누굴 만나지도 못하고 하루종일 일하면 녹초가 돼서 쓰러져 자버려.,Pro_11351,Pro_11351_00048,E20,S04_D02,True,strict-physical-fatigue-candidate,True,manual-keep-physical-fatigue-seed,SAD
train-039814,train,노년,남성,"건강,죽음",만성질환 무,분노,노여워하는,ANGRY,나이가 드니 자녀들과의 관계가 예전 같지 않아. 예전에는 다정했는데 나이가 들고 기력이 없어져서 그런지 잘 찾아오려고 하지 않아. 맞아. 직접적으로 얘기하기도 어렵고 속으로만 앓고 있어.,Pro_10629,Pro_10629_00009,E18,S11_D02,True,strict-physical-fatigue-candidate,False,manual-reject-non-physical-or-mixed-context,ANGRY
train-039993,train,노년,남성,"건강,죽음",만성질환 유,슬픔,우울한,SAD,노년에 접어들면서 마누라가 몸이 무겁고 다리 아파서 운동하기가 싫다네. 나 혼자 나가지 말고 산책하는 기분으로 함께 다녀볼까? 나도 점점 더 쇠약해지는데 마누라가 더 약해질까 걱정만 앞서네.,Pro_10575,Pro_10575_00012,E24,S11_D01,True,strict-physical-fatigue-candidate,False,manual-reject-non-physical-or-mixed-context,SAD
train-040119,train,노년,여성,"건강,죽음",만성질환 무,상처,"가난한, 불우한",SAD,밤에 잠을 못 자서 낮에 너무 피곤해. 말도 하기 싫고 귀찮아서 하고 싶은 게 없어. 병원에서는 우울증이라고 했어. 사람 만나는 것도 힘들고 그냥 일상생활에 제약이 많아.,Pro_12216,Pro_12216_00019,E45,S11_D02,True,strict-physical-fatigue-candidate,False,manual-reject-non-physical-or-mixed-context,SAD
train-040183,train,노년,남성,"건강,죽음",만성질환 유,상처,"가난한, 불우한",SAD,당뇨가 심해서 먹는 것도 힘들고 치료도 어려워서 매일매일 불안한 날들이 계속되니 사는 게 지겨워. 언제 어떤 일이 생길지 모르니까 내가 잠들었다가 못 일어나지는 않을까 불안해서 불면증도 와. 아니 아직. 병원 가기가 좀 두렵네.,Pro_10596,Pro_10596_00016,E45,S11_D01,True,strict-physical-fatigue-candidate,False,manual-reject-non-physical-or-mixed-context,SAD
train-042698,train,청년,남성,"진로,취업,직장",해당없음,당황,외로운,SAD,답이 없는 미래 때문에 요즘 불면증약을 먹고 있는데 너무 불안하고 스트레스받아. 성인인데 부모님 도움을 받는 게 죄송하고 죄책감도 들어서 힘들어. 그냥 빨리 취업이 되면 이 기분들은 다 사라질 텐데.,Pro_03824,Pro_03824_00011,E53,S06_D02,True,strict-physical-fatigue-candidate,False,manual-reject-non-physical-or-mixed-context,SAD
train-043335,train,노년,남성,대인관계,만성질환 유,당황,죄책감의,SAD,요즘 부쩍 기력이 없어. 아침에 눈 뜨기도 힘들어. 마누라 있을 땐 끼니도 잘 먹었는데 그땐 고마운 줄을 몰랐어. 내가 할 줄 아는 거라고 해 봐야 뭐 간편식 그런 거 데워먹는 거 정도야.,Pro_09766,Pro_09766_00022,E55,S04_D01,True,strict-physical-fatigue-candidate,True,manual-keep-physical-fatigue-seed,SAD
train-043958,train,중년,여성,"직장, 업무 스트레스",해당없음,상처,괴로워하는,SAD,내가 다니는 회사는 매일 야근을 시켜. 너무 지치고 스트레스야. 심지어 이 회사랑 맞지도 않는 거 같아서 온 게 후회돼. 다른 회사로 갈걸. 다른 회사를 알아봐야 할 것 같아. 일단 이직할 준비를 해야겠다.,Pro_08979,Pro_08979_00005,E48,S10_D02,True,strict-physical-fatigue-candidate,True,manual-keep-physical-fatigue-seed,SAD
train-044624,train,노년,여성,재정,만성질환 무,불안,회의적인,ANXIOUS,불면증이라 잠을 못 자. 돈이 없어서 벌어야 하는데 잠을 못 자서 몽롱하니 일하기 싫어. 약을 먹으면 너무 몽롱하고 안 먹으면 잠을 못 자니 힘들어. 차라리 병원에 가서 치료를 받고 얼른 돈 벌러 가야겠어. 그게 가장 빠른 방법이야.,Pro_12447,Pro_12447_00022,E36,S13_D02,True,strict-physical-fatigue-candidate,True,manual-keep-physical-fatigue-seed,ANXIOUS
train-045038,train,노년,남성,"건강,죽음",만성질환 유,슬픔,우울한,SAD,알츠하이머를 앓고 있는 아내를 부양해야 하는데 나도 간 경화로 인해 체력이 떨어져 슬프군. 자식들은 나 몰라라 하고 아내는 점점 어린아이처럼 변해가니까 나도 지치고 울고 싶은 심정일세. 나라도 다시 정신을 차려야지. 체력을 기르기 위해서 운동도 해야겠어.,Pro_10575,Pro_10575_00024,E24,S11_D01,True,strict-physical-fatigue-candidate,True,manual-keep-physical-fatigue-seed,SAD
train-047224,train,청소년,여성,학업 및 진로,해당없음,분노,악의적인,ANGRY,공부만 하면 너무 졸려서 미치겠어. 성적은 계속 낮아져만 가. 어릴 때부터 기면증이 심했는데 시도 때도 없이 졸린 내가 너무 한심해서 죽고 싶어. 병원에 가서 약을 처방받으면 좀 나아지긴 한대.,Pro_01746,Pro_01746_00004,E15,S02_D02,True,strict-physical-fatigue-candidate,False,manual-reject-non-physical-or-mixed-context,ANGRY
train-047416,train,청년,여성,대인관계,해당없음,불안,조심스러운,ANXIOUS,난 결혼한 지 얼마 안 됐는데 청소랑 요리하는데 너무 힘들어. 사실 흥미가 없어. 남편에게 잘해주고 싶은데 요리에 자신감이 없어서 남편 퇴근하고 오면 내가 자꾸 위축돼. 요리 자신도 없고 하기 싫지만 요리 학원이라도 다녀야 할 것 같아.,Pro_05129,Pro_05129_00010,E38,S04_D02,True,strict-physical-fatigue-candidate,False,manual-reject-non-physical-or-mixed-context,ANXIOUS
train-049609,train,청년,남성,대인관계,해당없음,슬픔,후회되는,SAD,질병에 걸리고 내가 연약해졌단 생각에 남자로서 자신감이 떨어져. 이런 내가 안타까워. 전과 달리 쉽게 체력이 떨어지니 위축되고 이런 내 모습에 자기 연민이 들어. 몸 관리도 잘하며 이런 나도 받아들일 수 있도록 노력해야지.,Pro_03554,Pro_03554_00052,E23,S04_D02,True,strict-physical-fatigue-candidate,True,manual-keep-physical-fatigue-seed,SAD
train-049854,train,청년,남성,대인관계,해당없음,슬픔,염세적인,SAD,맨날 야근해서 아들 얼굴 보기도 힘들어. 근데 아들이 집에 오면 반겨주지도 않네. 나도 보고 싶지 않아서 안 보는 게 아닌데 아들은 왜 내 맘을 몰라줄까? 내가 주말에는 대화도 많이 하고 맛난 것도 많이 사줄 거야.,Pro_03557,Pro_03557_00018,E26,S04_D02,True,strict-physical-fatigue-candidate,True,manual-keep-physical-fatigue-seed,SAD
train-049945,train,청소년,남성,가족관계,해당없음,불안,불안,ANXIOUS,부모님이 다른 건 못하게 하고 공부만 하길 원하셔서 힘들어. 시험 날짜는 다가오는데 공부는 안 돼서 밤에 잠을 못 자겠어. 너무 초조해. 부모님께 나의 상황을 잘 말씀드리고 싶어. 부모님께서 나에게 부담을 안 주시면 좋겠어.,Pro_00081,Pro_00081_00014,E30,S01_D02,True,strict-physical-fatigue-candidate,False,manual-reject-non-physical-or-mixed-context,ANXIOUS
train-050999,train,노년,남성,재정,만성질환 무,슬픔,마비된,SAD,건설현장에서 일하다가 허리를 다쳐서 일을 못해. 아들이 곧 결혼인데 돈이 없어 큰일이야. 잔업과 야근 수당도 다 날라간 판이라 막막해. 돈이 나올 구멍이 없어 너무 힘들어. 재택 아르바이트나 몸에 무리가 가지 않는 단기 아르바이트를 찾아봐야겠어.,Pro_10876,Pro_10876_00001,E25,S13_D02,True,strict-physical-fatigue-candidate,True,manual-keep-physical-fatigue-seed,SAD
train-051472,train,중년,여성,건강,해당없음,상처,고립된,SAD,요새 허리가 좀 아픈 거 같아서 병원에 가니 디스크라고 해서 기력이 없어. 잠깐 무리했나 싶은 건데 완치되기가 어렵다고 하더라고. 남편에게 도움을 좀 요청하고 물리치료도 꾸준히 받아야겠어.,Pro_08854,Pro_08854_00018,E43,S09_D02,True,strict-physical-fatigue-candidate,True,manual-keep-physical-fatigue-seed,SAD
