sample_id,service_label_original,emotion_major,emotion_minor,tired_heuristic_reason,text
train-000233,SAD,상처,희생된,v2-primary-physical-fatigue,야근을 많이 하는데 돌아오는 게 없네. 남는 건 희생뿐. 회사를 위해 해준 게 얼마나 많은데 이럴 수 있지?
train-000241,ANXIOUS,당황,당황,v2-primary-physical-fatigue,어제 회사 동료들과 술 마셨는데 내가 취해서 주사 부린 게 소문났나 봐. 아니. 기억은 잘 안 나지만 화장실에서 잠들고 그런 것 같아.
train-000280,ANXIOUS,불안,당혹스러운,v2-primary-physical-fatigue,오늘 정기 발령이 났거든. 그런데 우리 집에서 두 시간 넘게 떨어진 곳으로 발령이 났어. 이거 어떻게 출퇴근하라는 것인지 모르겠다. 너무 당황해서 말도 안 나오더라. 아니 내 거주지도 아는데 왜 이렇게 발령을 냈는지 모르겠어. 일단 다시 한번 찾아가 얘기해보고 안되면 노조에 말을 하려고.
train-000540,ANGRY,분노,성가신,v2-primary-physical-fatigue,공부해야 하는데 너무 졸려서 큰일이야. 왜 놀 때는 안 졸리다가 공부만 하려 하면 졸릴까? 잠 깰 때까지 일어서서 공부해야겠어.
train-000560,ANXIOUS,당황,혐오스러운,v2-primary-physical-fatigue,부장이 나에게 야근을 강요해. 요즘 같은 세상에 야근을 강요하는 게 말이 돼? 안 그래도 집에서 할 일도 많은데. 끝까지 안 된다고 말해야겠어.
train-001106,CALM,기쁨,편안한,v2-primary-physical-fatigue,우리 회사는 할당된 업무만 제 시간에 마치면 출퇴근이 자유로워서 편해. 할 일만 마치면 조기 퇴근을 해도 문제없어서 좋아. 오늘은 일찍 퇴근할 계획이라서 일을 열심히 하고 있어.
train-001386,SAD,슬픔,비통한,v2-primary-physical-fatigue,부모님 대신 할머니가 나를 키워 주셨어. 그런데 얼마 전 할머니가 위암으로 돌아가셨어. 나는 부모님보다 할머니 품이 더 좋을 때가 많았거든. 그런데 이제 할머니를 볼 수 없어. 주말에는 할머니가 잠들어 계신 산소에 다녀와야겠어.
train-001448,SAD,당황,열등감,v2-primary-physical-fatigue,옆집 할머니는 건강해서 일자리도 잘 구하는데 나는 몸이 아프니 일자리를 구할 수가 없어. 건강하면 무슨 일이든 할 것 같은데. 옆집 할머니를 보면 부러워. 옆집 할머니만 부러워하며 살기보다는 앞으로 꾸준히 운동해야겠어.
train-001898,CALM,기쁨,편안한,v2-primary-physical-fatigue,드디어 길었던 수험생 시절이 끝나고 공무원 최종 합격했어. 마음이 한결 편해. 학원비며 생활비며 그동안 부모님께서 경제적으로 지원해주신 것들을 이제야 갚을 수 있을 것 같아. 당분간은 마음 편하게 잠들 수 있을 거야.
train-002162,HAPPY,기쁨,감사하는,v2-primary-physical-fatigue,저번에 야근한 거 수당 제대로 챙겨주었네. 갑자기 목돈 생긴 거라서 어머니 드리려고. 지금껏 제대로 보답을 드리지 못해서 효도하고 싶어.
train-002173,SAD,상처,희생된,v2-primary-physical-fatigue,결국 일의 마무리를 위해 야근하고 특근하고 다 했어요. 저는 최선을 다했는데 이용당한 것 같은 기분이 들어요. 나만 열심히 노력한 것 같아요. 다른 사람 몫까지 떠맡은 기분이 들어요.
train-002239,ANXIOUS,불안,회의적인,v2-primary-physical-fatigue,나이가 들어서 그런지 만사가 귀찮고 기력이 없어. 인터넷 건강 정보를 챙겨 보려고 해도 서로 다른 말들이 너무 많아서 모르겠어. 직접 병원에 가는 게 가장 좋은 것 같아.
train-002317,ANGRY,분노,툴툴대는,v2-primary-physical-fatigue,직장생활 오 년째인데 아직도 신입사원 때랑 월급이 비슷해. 일한 만큼 보상도 없고 회사도 집이랑 멀어서 출퇴근도 힘들어. 큰 성과를 내면 연봉 협상에서 인상을 요구할 수 있어. 올해에는 분발해서 내년 연봉을 올려 받을 거야.
train-002319,ANXIOUS,불안,스트레스 받는,v2-primary-physical-fatigue,직장이 너무 멀어서 하루에 출퇴근만 버스로 왕복 네 시간이 걸려. 출퇴근 때문에 스트레스가 이만저만이 아니야. 회사 가까운 곳으로 이사하고 싶지만 그럴 형편이 안돼. 회사 근처는 집값이 너무 비싸거든. 지하철을 타면 출퇴근에 걸리는 시간이 절반으로 줄어들 거야.
train-002350,SAD,상처,희생된,v2-primary-physical-fatigue,오늘 나 혼자 나머지 잔업을 위해서 야근했어. 다른 팀원들을 위해 희생한 기분이야. 원래 담당자가 급한 일이 생겨서 내가 맡아서 하게 됐지.
train-002402,ANXIOUS,불안,스트레스 받는,v2-primary-physical-fatigue,최근 들어 몸이 아주 힘들고 체력이 달리네. 퇴근하고 오면 몸도 무겁고 아침에 일어나기도 힘들어. 조금씩 산책이라도 해야겠어.
train-002472,HAPPY,기쁨,느긋,v2-fatigue+support-context,모처럼 주말에 약속을 잡긴 했는데 너무 나가기 싫어. 오늘은 그냥 얘기하고 쉴까? 피곤하기도 하고 더 쉬고 싶기도 해.
train-002677,CALM,기쁨,편안한,v2-primary-physical-fatigue,오늘 정말 많이 바쁜 하루였어. 피곤하고 졸려. 바빴지만 막힘없이 술술 흘러가서 스트레스는 없어. 내일부턴 조금 쉬엄쉬엄해도 될 것 같아. 그래서 내일부터는 조금씩 휴식 시간을 가지려고.
train-002937,ANXIOUS,불안,걱정스러운,v2-primary-physical-fatigue,어제는 밤늦게까지 잠을 못 잤어. 이런저런 생각이 복잡해서 불면증이 생긴 것 같은데 어쩌지? 잠을 못 자니 일도 제대로 못 하겠어.
train-003240,SAD,슬픔,낙담한,v2-fatigue+support-context,오늘 새로 지시받은 일로 늦게 퇴근했어. 지치고 힘들어. 피곤한 게 문제가 아니라 그 일이 해결하기 너무 어려워. 모르는 것을 배워가며 하려니 너무 힘드네.
train-003253,SAD,슬픔,슬픔,v2-primary-physical-fatigue,발주 건에 문제가 생겨서 오늘도 야근하게 생겼어. 이런 내 삶이 너무 슬퍼. 내일 어머님 생신이라 일찍 내려가야 하는데 못갈지도 몰라. 가족 얼굴 보기도 힘들게 일하는 게 좋은 삶인지 서글퍼지네.
train-003417,SAD,상처,괴로워하는,v2-primary-physical-fatigue,나는 능력이 다른 사람보다 부족한 것 같아. 나는 잘난 게 뭘까? 자꾸 일할 때마다 남들보다 뒤처지는 것 같고 자신감이 없어져. 요새 체력이 떨어져서 그런지 집중력도 안 좋은 것 같아서 일도 더 잘 안되는 기분이야.
train-003819,HAPPY,기쁨,기쁨,v2-primary-physical-fatigue,이번 일이 잘 마무리되어서 속이 시원해. 응 야근도 하고 힘들었지만 일이 잘되어 아주 좋아.
train-003840,ANXIOUS,불안,스트레스 받는,v2-primary-physical-fatigue,매일 야근이라 너무 피곤해. 일이 많으니 마음대로 퇴근도 못 해. 건강을 신경 쓸 틈이 없네.
train-003863,ANGRY,분노,짜증내는,v2-primary-physical-fatigue,와이프가 너무 게을러서 집안일을 너무 안 해. 저녁에 퇴근하고 오면 집안이 엉망이고 아무것도 안 하고 있어. 와이프에게 한 번 진지하게 이야기를 해보려고 해.
train-004211,SAD,분노,좌절한,v2-fatigue+support-context,즘 회사에서 컴퓨터로 하는 업무가 많아져서 힘들어. 컴퓨터를 잘 다루지 못해서 업무가 늦게 처리하니 퇴근도 늦어지고 피곤해.
train-004426,SAD,슬픔,염세적인,v2-fatigue+support-context,회사 다닌 지 삼십 년이 되어가는데 내가 처음 입사했을 때 했던 일을 하라고 하네. 이 나이에 신입이 하는 일들을 하려니 업무가 익숙하지가 않아. 게다가 일도 많아서 몸도 너무 피곤하고. 삼십 년 전에 했던 일을 이 나이에 하니 내가 지금껏 뭘 했나 싶고 그냥 떠나고만 싶네.
train-004455,ANGRY,분노,악의적인,v2-primary-physical-fatigue,평생 바르게 산 것 같은데 질환이 생기니 별생각이 다 들어. 주위 사람들을 위해 너무 희생하며 살았어. 내 몸이 아프니까 그 사람들이 밉고 나쁜 생각도 드네.
train-004543,SAD,슬픔,염세적인,v2-fatigue+support-context,매일 똑같은 일의 반복이라 느껴져. 흥미도 생기지 않고 앞으로 이 회사에서 비전이 있을 거라 생각되지 않아. 몇 년을 하니 정말 피곤해. 쉬고 싶다는 생각도 들고 조금 기분전환을 해보고 싶어. 나 혼자 캠핑을 해보고 싶다고 생각했어.
train-004561,SAD,상처,버려진,v2-primary-physical-fatigue,열심히 일했는데 회사에서 해고당했어. 세상에서 버려진 느낌이야. 항상 야근 때문에 여행을 못 갔어. 이번 기회에 여행을 떠나볼 거야.
train-004659,HAPPY,기쁨,만족스러운,v2-primary-physical-fatigue,이번에 이직한 회사의 복리후생 제도가 너무 좋아서 마음에 들어. 탄력적 근무제가 가장 마음에 들어. 내 맘대로 출퇴근을 조정하니까. 퇴근 이후 저녁 시간이 너무 기대돼.
train-005008,SAD,슬픔,후회되는,v2-fatigue+support-context,요즘 왜 이렇게 피곤한지 모르겠어. 퇴근해서 집에 오면 저녁 먹기가 무섭게 바로 곯아떨어지지. 지금이라도 운동을 꾸준히 하면 괜찮아질까?
train-005151,SAD,당황,외로운,v2-primary-physical-fatigue,직장 생활은 매번 같은 패턴이라 야근이 너무 많아. 업무적인 스트레스는 그다지 없지만 외로워.
train-005296,ANXIOUS,불안,조심스러운,v2-primary-physical-fatigue,요즘 일 때문에 너무 많은 스트레스가 있어요. 불면증에 시달려요. 아침과 저녁에 가벼운 운동을 한번 해볼게요.
train-005405,ANXIOUS,불안,당혹스러운,v2-primary-physical-fatigue,며칠 동안 연달아서 야근하고 그랬더니 너무 피곤해. 며칠 야근했다고 오늘은 코피가 나고 현기증에 쓰러질 뻔하기까지 했어. 정말 황당하고 당혹스러웠어.
train-005494,HAPPY,기쁨,신이 난,v2-primary-physical-fatigue,요번에 회사에서 하는 새로운 프로젝트에 내가 낸 의견이 채택됐어. 오늘 팀장님께 칭찬까지 받아서 아주 기분이 좋아. 신입 사원이 좋은 의견을 냈다면서 팀원들 앞에서 칭찬해주셔서 너무 기분이 좋아. 내가 생각했던 의견대로 진행하는 거라서 야근을 하더라도 신나게 할 수 있을 거 같아.
train-005661,SAD,당황,외로운,v2-primary-physical-fatigue,이직한 지 아직 일주일째라 친한 사람이 없어서 외로워. 퇴근 후에 운동하면서 생각을 하지 않으려 해. 그러면 정리도 되고 녹초가 되면 몸은 힘들어도 마음은 편해지거든.
train-005697,SAD,상처,괴로워하는,v2-primary-physical-fatigue,불면증으로 힘들어. 잠을 잘 수 없어 너무 괴로워. 온종일 어지러운 상태야. 한시간이라도 푹 잤으면 좋겠어.
train-006048,ANXIOUS,불안,조심스러운,v2-primary-physical-fatigue,힘들게 취업하였는데 업무가 많다 보니 야근을 자주 하게 되어 몸과 마음이 너무 힘들어. 신입사원이다 보니 투정으로 비칠까 봐 먼저 이야기를 꺼내기가 조심스러워. 난 힘든데 같이 입사한 동기는 힘든 내색을 안 해서 더 조심스러워져.
train-006173,SAD,슬픔,낙담한,v2-fatigue+support-context,회사 정기 검진에서 간에 이상이 생겼다는 소견이 나왔어. 어찌할 바를 모르겠네. 너무 빨리 피곤해져서. 의사가 심각한 건 아니라는데 요즘 술을 너무 많이 마신 게 마음에 걸리네. 술을 줄이고 퇴근하면 가벼운 운동을 시작하려고 초기일 때 관리하는 게 좋을 것 같아.
train-006393,ANXIOUS,불안,회의적인,v2-primary-physical-fatigue,요즘 들어 이 회사에 계속 다녀야 하나 생각이 들어. 응. 나의 경력에 큰 도움이 되지 않고 야근이 너무 많아. 아직 잘 모르겠어. 이직해야 할까?
train-006517,HAPPY,기쁨,만족스러운,v2-primary-physical-fatigue,요즘 직장에서 일이 많아서 자주 야근을 해. 영업이 잘되다 보니 처리해야 할 일들이 많아서 그래. 돈 많이 버느라 바쁜 거니까 이런 경우라면 매일매일 야근하라면 할 수 있겠어.
train-006568,SAD,슬픔,후회되는,v2-fatigue+support-context,요즘 부쩍 몸이 피곤해. 미리 운동해 둘 걸 그랬어.
train-006577,ANGRY,분노,툴툴대는,v2-fatigue+support-context,나이를 먹는 게 참으로 서럽네. 예전과 달리 피로 해소도 늦고 잠을 자도 피곤하고 몸이 너무 힘들어. 건강식품 및 영양제를 먹는데도 건강이 안 좋아지는 게 계속 느껴져.
train-006978,SAD,상처,버려진,v2-primary-physical-fatigue,며칠 전에 갑자기 가슴을 쥐어짜는 듯한 통증이 있어서 갑자기 겁이 났어. 부서 이동을 했는데 그동안 맡았던 업무랑은 전혀 다른 생소한 업무라서 매일 혼자서 야근해. 텅 빈 사무실에 혼자서 업무를 보다 보면 뭔가 혼자 버려진 듯한 느낌마저 들어.
train-007043,CALM,기쁨,편안한,v2-primary-physical-fatigue,회사 근처로 집을 옮겼더니 출퇴근 시간도 짧아지고 덕분에 너무 편해졌어. 덕분에 업무 효율도 좋아져서 요즘 회사에서도 다들 얼굴이 전보다 더 밝아졌다고 하네.
train-007087,ANXIOUS,불안,회의적인,v2-primary-physical-fatigue,건강하게 나이 드는 게 생각보다 쉬운 일이 아닌 것 같아. 아프지는 않은데 기력이 없고 피로가 쉽게 와. 나이 드는 게 느껴져 좀 울적해. 응. 이렇다 할 문제는 없다고 해.
train-007203,SAD,상처,희생된,v2-primary-physical-fatigue,회사에서 작업 중에 다쳐서 손에 깁스했어. 손목에 금이 가서 한 달 동안은 손을 쓰면 안 된다고 해. 야근 작업을 하다가 다치게 되었어.
train-007333,SAD,슬픔,슬픔,v2-primary-physical-fatigue,일이 너무 많아서 힘들어. 야근이 없다면 에너지가 충전될 텐데. 너무 힘들 땐 동료에게 야근을 대신해달라고 부탁해볼래.
train-007361,ANGRY,분노,짜증내는,v2-primary-physical-fatigue,나 임신했는데 지하철에서 사람들이 임산부 자리를 양보하지 않아. 출퇴근 시간에 사람이 많은데 서서 가야 할 때 너무 힘들어.
train-007460,ANXIOUS,불안,스트레스 받는,v2-primary-physical-fatigue,출근한 지 얼마 안 됐는데 벌써 집에 가고 싶어. 어제도 야근했는데 지금 두 시간 자고 정상 출근하고 있거든. 배려 없는 회사 때문에 스트레스받아. 나도 워라밸 있는 회사로 이직할까 봐.
train-007581,SAD,슬픔,우울한,v2-primary-physical-fatigue,몸이 아프고 너무 힘들어. 허리하고 다리가 아파서 걸어 다닐 수가 없어. 물리치료 받았는데 효과도 없고 어이없네. 나에게 도움을 줘서 고마워.
train-007750,ANGRY,분노,툴툴대는,v2-primary-physical-fatigue,몸이 아프니 일하면서 자꾸 툴툴대며 일을 하게 되네. 일하느라 챙길 시간도 없어. 약 챙겨 먹는 날짜만 달력에 표시해두고 살아. 그냥 시간이 가는구나 싶지. 이렇게 힘들어서 툴툴거리며 일하는 건 처음이야.
train-007854,ANXIOUS,불안,스트레스 받는,v2-primary-physical-fatigue,최근 한 달 계속 야근을 해서 몸이 천근처럼 무거워. 내년도 사업 계획을 짜느라 정신이 없었어. 스트레스도 엄청나.
train-007895,SAD,당황,고립된,v2-primary-physical-fatigue,몸이 아프고 형편도 넉넉하지 않으니 누구도 만나고 싶지 않아. 건강도 건강인데 돈 없고 능력 없으면 무시당하는 세상이니 갑갑하다. 그냥 그렇게 느껴져. 나름대로 소신 있는 인생을 살고 있지만 부를 축적하지 못한 결과는 외로움뿐이네.
train-007971,ANGRY,슬픔,환멸을 느끼는,v2-primary-physical-fatigue,산다는 것이 허무해. 몸이 아프니 마음도 아프고 그럴수록 주변에 대한 흥미도 사라져 가네.
train-008088,ANXIOUS,당황,혼란스러운,v2-primary-physical-fatigue,연애 후 결혼과 출산으로 정신이 없어. 그 사람은 집안도 좋고 정말 잘 생겼어. 난 그렇지 못하거든. 내가 잠들기 전에 더 잘 잘 수 있도록 네가 편안한 노래를 좀 틀어줄래?
train-008125,ANGRY,분노,성가신,v2-primary-physical-fatigue,직장에서 자꾸만 일하는데 동기가 수다를 떨자고 해서 성가셔. 업무시간에 항상 집중을 못 해서 쉬운 업무임에도 불구하고 매번 야근하더라고. 잡담할 시간 줄이면 나아질 거라고 말해주고 싶어.
train-008226,ANGRY,분노,툴툴대는,v2-primary-physical-fatigue,신입인데 요즘 회사에서 며칠째 야근을 시켜. 잦은 야근에 지쳤어. 신입이라고 무시하는 거야 뭐야. 응. 빨리 다른 회사로 이직 준비를 해야겠어.
train-008399,ANXIOUS,불안,회의적인,v2-primary-physical-fatigue,매일 야근하느라 내 시간이 너무 없는 것 같아. 이렇게까지 해야 되는 건지 모르겠어. 그래도 이번 달만 버티면 다음 달부터는 좀 나아질 거야.
train-008989,HAPPY,기쁨,신이 난,v2-primary-physical-fatigue,나 드디어 취업했어. 첫 직장인만큼 열심히 할 거야. 응 맞아. 오랫동안 준비해서 취업을 엄청 기다렸거든. 맞아. 야근도 외근도 마다하지 않고 열심히 일해야지.
train-009128,SAD,상처,괴로워하는,v2-primary-physical-fatigue,내가 바라던 회사가 아닌 것 같아서 괴로워. 일하는 직장이 내 적성에 맞지 않아서 그게 제일 괴로워. 너무 야근이 많아. 이직을 준비할까 생각해.
train-009382,SAD,상처,희생된,v2-primary-physical-fatigue,직장에서 나만 손해 보는 느낌이야. 매일 나만 야근하니까 너무 힘들어. 그래서 팀장님한테 하소연이라도 해야겠어.
train-009693,ANGRY,분노,노여워하는,v2-primary-physical-fatigue,나 요즘 잠을 못 자. 갱년기 때문인지 불면증이 온 거 같아. 계속 이러면 어쩌지? 병원에 가 볼까?
train-009827,ANGRY,슬픔,환멸을 느끼는,v2-fatigue+support-context,평생 운동 안 해도 괜찮다 생각했는데. 요즘 들어 같은 일을 해도 많이 피곤하고 힘든 게 체력이 부족한 것 같아.
train-009892,SAD,슬픔,비통한,v2-primary-physical-fatigue,야근도 많고 출장으로 잦아서 몸도 지치고 마음도 힘들어. 힘들고 지친 몸을 주말에는 휴식으로 풀고 싶은데 부인과 애들은 자꾸 외출하자고 하고. 피곤해.
train-010034,SAD,슬픔,비통한,v2-primary-physical-fatigue,정말 이 회사 계속 다니는 것이 맞나 싶어. 열심히 해도 별로 보람도 없고 누구도 알아주지 않아. 야근에 주말 출근하면서 준비한 기획안에 이번에도 내 이름은 빠지고 선배 이름이 들어갔어.
train-010112,SAD,상처,희생된,v2-primary-physical-fatigue,오늘도 야근했어. 신입이 일 처리가 늦어서 하게 됐지. 신입 때문에 자주 야근하게 돼서 너무 힘들어.
train-010184,SAD,분노,좌절한,v2-primary-physical-fatigue,이번 과장 승진에서 떨어졌어. 많이 노력했는데도 안 되니까 좌절감이 들어. 다양한 프로젝트를 도맡아서 했고 야근도 거의 매일 했어. 그런데도 승진이 안 돼.
train-010345,ANXIOUS,당황,부끄러운,v2-primary-physical-fatigue,오늘 거래처에 입금하기로 한 걸 깜빡 잊었지 뭐야. 감사 때문에 매일 야근하다 보니 날짜를 착각한 것 같아. 얼마나 창피하던지.
train-010555,ANXIOUS,불안,두려운,v2-primary-physical-fatigue,요즘 야근이 많아서 피곤해. 식사를 제대로 하고 운동도 틈틈이 하고 있어.
train-010776,ANXIOUS,불안,스트레스 받는,v2-primary-physical-fatigue,내일 아침에 보고서 결재받아야 하는데 아직 다 못했어. 오늘도 야근해야 할 것 같아. 응. 다들 일찍 퇴근하는데 나만 혼자 매일 야근이네.
train-010812,ANGRY,분노,구역질 나는,v2-primary-physical-fatigue,어제도 야근했더니 너무 힘들어. 요새 계속 야근이야. 일하다 보면 너무 힘들어서 토할 것 같은 기분이 들어. 휴식이 필요해.
train-010938,SAD,상처,희생된,v2-primary-physical-fatigue,팀원들은 일이 있건 없건 매일 칼퇴근이야. 위에서는 압박을 주니 나 혼자 매일 야근하느라 너무 힘들어. 팀끼리 경쟁하는 입장이라 나 어렵다고 얘기하기는 쉽지가 않네.
train-011026,SAD,슬픔,마비된,v2-primary-physical-fatigue,너무 힘들어. 요즘 업무가 너무 많아 몸이 녹초가 됐어.
train-011189,CALM,기쁨,편안한,v2-primary-physical-fatigue,드디어 내일 회사 마지막 출근이야. 마음이 너무 편안해. 지금 회사는 야근도 너무 많고 나 혼자만 일하는 것 같아.
train-011193,ANGRY,분노,구역질 나는,v2-primary-physical-fatigue,이번 달에 이틀 빼고 야근했어. 정말 힘들어. 정말 힘들어. 쉴 겨를도 없이 출근 퇴근만 하니까 너무 삭막해. 응. 그럴 것 같아. 다음 달에도 일이 많아.
train-011197,ANXIOUS,불안,회의적인,v2-fatigue+support-context,요즘 너무 힘들어. 업무량이 많아서 늦게까지 일하느라 몸이 피곤해.
train-011245,ANXIOUS,당황,부끄러운,v2-fatigue+support-context,중년이 되니까 이제 건강에 이상 신호가 오는 듯해. 특별하게 이상이 있거나 하는 건 아닌데 예전 같지 않게 아침에 너무 피곤해. 운동하고 밥도 조절해서 먹어야 하는데 바쁘다는 핑계로 안 하는 게 문제인 거지.
train-011308,ANXIOUS,불안,걱정스러운,v2-primary-physical-fatigue,주변에 건강이 나빠져서 치료받는 사람들을 보면 나도 건강할지 자신감이 없어. 건강을 유지하려면 시간적인 여유가 있어야 할 텐데 업무도 많고 출퇴근 시간도 길어서 시간 내기가 쉽지 않아. 일하다 중간에 운동을 해야겠다 싶다가도 잊어버리거든. 아무래도 스마트밴드라도 사서 틈틈이 운동 해야겠어.
train-011368,ANXIOUS,당황,혼란스러운,v2-primary-physical-fatigue,추석을 앞두고 지난여름에 못 만났던 동창들 모임이 갑자기 취소되었다네. 지난봄에도 취소하면서 찬 바람 불면 보자고 했는데 또 취소되어서 당황스럽네.
train-011592,ANXIOUS,불안,걱정스러운,v2-primary-physical-fatigue,요즘 코로나 때문에 운동을 못 해서 큰일이야. 원래 헬스장에서 근육운동 유산소운동을 하는데 코로나 때문에 하나도 못 하고 있어. 출퇴근을 자전거로 하려다 회사에 샤워할 데도 없고 사람들이 뭐라 할까 봐 결국 못했네.
train-011603,ANXIOUS,불안,초조한,v2-primary-physical-fatigue,모아놓은 돈도 없고 노후 대비도 안 되어 있는데 해고당할 것 같아. 하고 많은 날 야근하고 죽도록 고생했는데 이게 무슨 일인지. 당황스러워.
train-011630,SAD,상처,괴로워하는,v2-primary-physical-fatigue,너무 힘들다. 편해지기는커녕 갈수록 더 힘들어져. 직장 업무가 나날이 벅차. 게다가 사람들은 야근하는 사람 앞에서 속 모르는 소리만 하고.
train-011815,SAD,슬픔,슬픔,v2-primary-physical-fatigue,업무가 많아서 쓰러질 것 같아. 집에 오면 녹초가 돼서 아무것도 할 수 없을 정도야. 남들은 일을 잘해서 취미생활도 한다는데 나는 일을 너무 못해. 무능력한 사람 같아. 똑같은 일을 제대로 처리 못 하니 무능력한 거지.
train-011895,ANXIOUS,불안,스트레스 받는,v2-primary-physical-fatigue,일이 많아 매일 야근이라 너무 스트레스야. 집에서 푹 자 본지도 오래 됐어. 이렇게 일만 하다가 죽는 건 아닐까? 그런 방법이 있다면 진작 해봤겠지.
train-012526,SAD,상처,괴로워하는,v2-primary-physical-fatigue,오늘 팀장님께 한 시간 넘게 구박 당했어. 보고서에 통계 자료가 틀렸다고 무능하기 짝이 없다며 뭐라 하시더라고. 야근을 해서라도 자료 조사하는데 시간을 더 들여야겠어.
train-012623,ANXIOUS,불안,스트레스 받는,v2-primary-physical-fatigue,요즘 회사에서 자주 야근해서 하루하루가 고단해. 하루 종일 일만하고 집에 가서 잘 쉬지도 못하니까 힘들어. 일과 시간에 집중해서 퇴근시간에 맞춰 해야 할 일을 끝마쳐야겠어.
train-012631,SAD,상처,괴로워하는,v2-primary-physical-fatigue,평일 내내 힘든 몸을 이끌고 회사에 출근하는 것이 죽겠어. 충분한 잠을 못 자서 그런지 아침에 일어나기도 힘들고 몸이 축 쳐지는 기분이야. 퇴근해서 잠자리에 일찍 들어야겠어. 수면시간을 늘려 회복해야지.
train-012881,SAD,슬픔,낙담한,v2-fatigue+support-context,시험이 끝난 날이면 하루는 놀아도 괜찮다고 하실 줄 알았는데 또 공부하러 가라고 하셨어. 하루 정도는 쉬어도 되지 않을까 했는데 바로 공부 하라니 뭔가 지치네. 부모님께 다시 잘 말씀드려봐야겠어.
train-013075,SAD,당황,외로운,v2-primary-physical-fatigue,야근 때문에 회사에 혼자 남아있었는데 너무 외로웠어. 앞으로도 혼자 야근을 많이 해야 될 것 같은데. 노래를 들으면서 하면 좀 덜 쓸쓸할 것 같기도 해.
train-013256,CALM,기쁨,안도,v2-primary-physical-fatigue,나는 정말 운이 좋아. 세상에서 제일 좋은 직장 선배를 만났거든. 오늘 집안에 중요한 일이 있었는데 선배가 그 사실을 알고 야근을 하는 나를 보내줬어. 고마운 일이 있을 때마다 매번 밥을 사고 있어.
train-013257,CALM,기쁨,안도,v2-primary-physical-fatigue,회사에서 야근을 해야 하는데 팀원들이 일을 거들어줘서 빨리 끝낼 수 있었어. 일이 많아서 스트레스받았는데 팀원들이 도와줘서 너무 기뻐. 나도 무언가 해주고 싶어. 밥 사는 건 너무 진부하고 팀원들에게 가벼운 선물을 하나씩 사줄 거야.
train-013403,ANGRY,슬픔,환멸을 느끼는,v2-primary-physical-fatigue,야근 때문에 너무 힘들어. 입사 후 제때 퇴근해본 적이 없어. 아무래도 회사를 그만둬야 할 것 같아.
train-013854,SAD,상처,고립된,v2-primary-physical-fatigue,요즘 매일 야근을 하다보니까 회사에 정말 갇혀있는 느낌이야. 응. 그냥 회사에서 살라는 건지 이거는 그냥 노예랑 다름없어. 이만큼 야근 했으니 수당도 전보다 더 많이 들어오길 기도하고 있어.
train-014422,ANXIOUS,분노,안달하는,v2-primary-physical-fatigue,오늘 팀 분위기가 안 좋았어. 타 부서에서 지원해주기로 한 평가 자료가 늦어져 프로젝트 진행이 지연되고 있거든. 독촉했더니 오늘 남아서 야근한다고 하더라고.
train-014717,HAPPY,기쁨,신이 난,v2-primary-physical-fatigue,이번 주에 사장님이 휴가를 가셔서 회사 분위기가 편안하고 좋아. 그래서 이번 주는 다들 야근을 안 하려는데 양심에 찔려서 고민이야. 최대한 야근을 줄이는 방향으로 업무를 해야겠어.
train-014808,ANXIOUS,불안,초조한,v2-primary-physical-fatigue,엠알아이를 찍고 며칠 간 건강검진 결과를 기다렸는데 하루가 천금 같았어. 매번 검사를 기다릴 때마다 잠을 못 자는 것 같아. 따뜻한 물에 목욕이라도 하면서 긴장을 풀어야겠어.
train-014821,HAPPY,기쁨,흥분,v2-primary-physical-fatigue,해냈어! 드디어 우리 부서가 에이 팀을 이겼어! 매일 야근한 보람이 있었어. 엄청 힘들었는데. 엄청 기뻐. 오늘 저녁은 축하주라도 마셔야겠어!
train-014936,HAPPY,기쁨,흥분,v2-primary-physical-fatigue,나 내일 결혼해. 너무 기쁘고 떨려. 내일이라 그런지 잠이 오질 않아. 명상을 하면서 잠이 오게 해야겠어.
train-015008,ANGRY,분노,악의적인,v2-primary-physical-fatigue,신입사원이라고 야근 수당도 안 주고 늦게까지 부려먹는 건 너무하지 않아? 늦게까지 일하는 건 괜찮은데 수당도 안 나와. 나만 신입이라고 안 주는 거래. 근거를 모아서 노동청에 신고하는 게 좋겠어.
train-015772,SAD,상처,"가난한, 불우한",v2-primary-physical-fatigue,왕복 세 시간 거리를 출퇴근을 하니까 너무 힘들고 피곤해. 회사 근처에 집값이 너무 비싸니까 여기서 왕복하는데 잘못해서 버스라도 놓치면 바로 지각이야. 회사 출근 시간보다 한 시간 일찍 도착한다고 생각하고 출근해야겠어.
train-015798,ANXIOUS,당황,혼란스러운,v2-primary-physical-fatigue,지금 다니고 있는 회사에서 업무가 너무 많아서 계속 다니기가 힘들어. 하루 종일 과중한 업무량으로 야근에 시달리다 보니 가족들에게 집에서 화만 내게 돼. 우선순위대로 급한 업무부터 처리해서 야근을 줄여 나가야겠어.
train-015803,ANXIOUS,당황,혼란스러운,v2-primary-physical-fatigue,업무가 너무 많은데 오늘 컨디션이 안 좋아서 내일로 미루고 싶어. 최근에 계속 야근하면서 체력이 많이 떨어졌어. 오늘은 퇴근하고 내일 일찍 나오는 게 효율적일 거 같아.
train-016149,ANXIOUS,불안,취약한,v2-primary-physical-fatigue,나는 밤에 술을 먹지 않으면 잠이 오지 않아. 이런 게 알코올 중독이라던데 어떻게 하면 좋지. 보건소 가서 알코올중독 상담 받아 봐야겠어.
train-016187,ANGRY,분노,짜증내는,v2-fatigue+support-context,일 때문에 스트레스를 받아서 그런지 많이 자도 계속 피곤해. 스트레스를 받으니까 깊게 잠을 못자는 것 같아서 더 그런 것 같아. 낚시를 좋아하는데. 이번 주 낚시하러 가서 스트레스 좀 풀어야할 것 같아.
train-016680,SAD,상처,괴로워하는,v2-primary-physical-fatigue,퇴근 후에도 업무전화 때문에 다시 회사로 갔어. 휴식을 취할 수가 없어서 스트레스야. 차라리 야근하는 게 나을 지경이야. 동료들한테 정말 급한 일이 아니면 다음 날 출근해서 일을 해결하자고 이야기해봐야겠어.
train-016689,ANXIOUS,불안,스트레스 받는,v2-primary-physical-fatigue,출퇴근하는 지하철은 사람이 탈 곳이 못돼. 불편하고 피곤해. 마음이라도 편하게 넉넉하게 나와야겠어.
train-016782,HAPPY,기쁨,감사하는,v2-primary-physical-fatigue,동료의 조언 덕분에 일찍 업무를 시작해 끝낼 수 있음에 감사했어. 중간에 포기할 까도 생각했지만 같이 야근을 하면서까지 도와준 동료에게 너무 감사해. 내일 동료한테 저녁을 먹자고 하면서 조그마한 선물을 준비해야겠어.
train-016943,ANGRY,분노,툴툴대는,v2-fatigue+support-context,위층에서 소음이 너무 심해서 피곤해. 층간소음 때문에 잠을 못자겠어. 위층 집에게 조용히 해달라고 좋게 얘기해 봐야겠어.
train-016966,SAD,상처,희생된,v2-primary-physical-fatigue,동기가 다 못 끝낸 일을 내가 대신 맡아 야근해 버렸어. 맞아. 평소에 일 처리속도가 늦어서 매일 혼나는 녀석인데 이번에 급한 일이 생겨서 내가 대신 맡아준 거지. 다음부턴 일을 제 시간에 마무리 할 수 있게 동기에게 고칠 부분을 알려줘야겠어.
train-017691,ANXIOUS,당황,남의 시선을 의식하는,v2-primary-physical-fatigue,나만 오늘도 야근이야. 어두운 사무실에서 늦게까지 혼자 일하는 게 힘들어. 다들 어떻게 그러게 빨리 일을 마치고 퇴근하는지 모르겠어. 나만 남아서 눈치도 보여. 그러게 말이야. 항상 칭찬받는 동기에게 조언을 좀 구해야겠어.
train-017771,ANXIOUS,불안,스트레스 받는,v2-primary-physical-fatigue,요즘 계속 퇴근 못 하고 야근 하고 있어. 야근 계속해서 여가생활을 즐기지 못해. 그냥 커피 마시면서 버텨야지. 잘 할 수 있을 거야.
train-018064,HAPPY,기쁨,흥분,v2-primary-physical-fatigue,오늘은 야근이 없어서 매우 기뻐. 야근이 없는 날에 끝나고 무엇을 할지 고민이야. 간만에 집에 일찍 들어가 가족과 함께 시간을 보내는 것이 가장 좋을 것 같아.
train-018076,ANXIOUS,불안,취약한,v2-primary-physical-fatigue,몸이 아팠지만 같이 노인정에 가자는 김 할머니의 부탁을 거절하지 못했어. 김 할머니의 부탁을 거절하기 어려워서 앞으로는 어떻게 해야 할지 고민이야. 김 할머니가 부탁하더라도 몸이 아프면 솔직하게 말을 하는 것이 좋을 것 같아.
train-018105,ANGRY,상처,억울한,v2-primary-physical-fatigue,회사 일에 문제가 생겼는데 나만 남아서 야근을 하게 되었어. 왜 하필 나 혼자 남은 건지 나도 잘 모르겠어. 일단 맡은 일을 끝내야 마음이 편하겠어.
train-018294,ANXIOUS,당황,혐오스러운,v2-primary-physical-fatigue,병원에서 나 같은 늙은 노인을 받아주려고 하지 않아서 서글퍼. 오늘 기력이 없어서 병원에 갔는데 자리가 없어서 링거를 맞지 못하고 그냥 왔어. 지금 당장은 서글퍼도 다른 병원을 찾아가든가 죽이라도 먹고 기운을 차려야겠어.
train-018641,ANGRY,당황,한심한,v2-primary-physical-fatigue,나는 왜 이렇게 일 처리 속도가 느릴까? 늘 하는 일인데도 손에 익지가 않아. 너무 힘들어. 해도 해도 끝이 없고 다른 직원들은 다 퇴근하는데 나만 매일 나머지 공부하는 것처럼 야근의 연속이야. 하기 싫다 못하겠다는 생각을 버리고 집중력을 높여야 할 것 같아. 자신감도 많이 떨어진 상태니 노력해야겠지.
train-019012,ANXIOUS,불안,당혹스러운,v2-primary-physical-fatigue,내일 임원들에게 중요한 보고가 있는데 야근 중에 친척 장례식에 참석하라고 연락이 와서 당황스러웠어. 장례식 위치가 회사랑 두 시간 거리라서 갈지 말지 고민 중이야. 최대한 일을 마무리하고 잠깐 다녀오려고 해. 친척 장례식이라 빠질 수는 없어.
train-019159,CALM,기쁨,안도,v2-primary-physical-fatigue,오늘은 일이 밀려서 야근 할 생각했는데 제시간에 퇴근이야. 밀린 일을 동료들이 와서 도와주더라고. 다음에 꼭 보답해야겠어. 동료들 일 밀리면 도와주고 맛있는 것도 사주고 해야지.
train-019547,ANXIOUS,불안,취약한,v2-primary-physical-fatigue,갱년기가 와서 그런지 잠이 안 오고 새벽까지 깨어 있어. 수면제를 복용하고 낮에 힘든 운동을 해도 효과가 별로 없어. 우선 커피부터 끊어보고 자기 전에 휴대폰도 안 보려고 해.
train-019801,SAD,상처,희생된,v2-fatigue+support-context,밤새웠더니 머리부터 발끝까지 온 몸이 아파. 중요한 사업 계획서를 오늘 아침까지 작성해야 했거든. 그래서 너무 피곤하고 힘들어. 오늘 오후에는 휴가를 내고 병원 다녀와서 쉬어야겠어.
train-020253,SAD,슬픔,낙담한,v2-fatigue+support-context,오늘도 회사에서 밤새야 할 것 같아. 너무 피곤해 잠이 와서 죽을 것 같아. 일을 차근하게 준비해서 처리하는 습관을 길러야겠어.
train-020353,SAD,슬픔,우울한,v2-primary-physical-fatigue,이젠 내가 가진 업무지식은 옛 시대의 산물이 되어 버렸어. 자주 그리고 너무 빨리 바뀌는 업무환경에 적응을 잘 못하는 거 같아 힘들어. 정말 필사적으로 따라가기 위해 야근도 불사하며 노력하고 있어.
train-020973,ANGRY,분노,짜증내는,v2-fatigue+support-context,밤새 게임하는 오빠 때문에 시끄러워서 잠을 못자겠어. 너무 피곤해. 오빠가 게임 좀 그만 했으면 좋겠어. 그래. 밤새 게임하려면 조용히 하라고 말해봐야겠어.
train-021204,ANGRY,분노,툴툴대는,v2-primary-physical-fatigue,이번 주말에 집에서 뒹굴 거리며 푹 쉬려고 했는데 갑자기 회사에서 출근하래. 심지어 월요일부터 금요일까지 야근했거든? 이번 주 너무 피곤한데 어떡하나. 아니. 격주로 돌아가면서 근무하는 걸로 알고 있어.
train-021576,HAPPY,기쁨,느긋,v2-fatigue+support-context,시험도 끝났겠다 늦잠 자도 된다고 허락도 받았겠다 이제 실컷 자야지. 정말 행복해. 응. 시험기간에는 공부하느라 매일매일이 피곤했는데 당분간은 실컷 잘 수 있어서 좋아. 응. 공부해야 해서 밤새는 날도 많았고 그래서 잘 수 있는 지금이 너무 좋아.
train-021905,SAD,슬픔,낙담한,v2-primary-physical-fatigue,직장 선배가 내 보고서를 읽더니 한숨을 쉬어서 내 기분이 엉망이야. 며칠 동안 야근하며 정성 들여 준비했는데 왜 보고서를 맘에 안 들어 하는지 모르겠어. 직접 여쭤 보면 좋을 것 같아.
train-022638,ANXIOUS,불안,취약한,v2-primary-physical-fatigue,매달 좋은 실적을 내는 선배가 부러워 죽겠어. 나와 같이 야근을 하지도 않고 퇴근도 일찍 하는데 비결이 무엇인지 모르겠어. 나도 야망이 있거든. 나도 그렇게 실적을 잘 내고 싶어.
train-022656,HAPPY,기쁨,감사하는,v2-primary-physical-fatigue,요즘 계속 야근을 하고 있는데 오늘 동기가 도와줘서 고마웠어. 동기도 힘들었을 텐데 도움이 많이 되더라고. 동기가 카레를 좋아한다고 했는데 내일 점심을 같이 먹으러 갈까 봐.
train-022681,HAPPY,기쁨,신이 난,v2-primary-physical-fatigue,요즘에는 업무량이 줄어서 야근을 안 해서 행복해. 그동안 늦게 퇴근해서 잠만 자고 출근했는데 이젠 퇴근 후 나만의 시간이 있어서 좋아. 주로 요가를 해. 몸과 마음까지 편안해지는 기분이거든.
train-022986,ANXIOUS,당황,당황,v2-primary-physical-fatigue,야근도 안 했는데 몸이 계속 피로해서 병원 가보니 만성 피로라고 해서 놀랐어. 아직 심각한 건 아니지만 만성 피로가 계속되면 중한 질병으로도 있어질 수 있대. 이제부터라도 야근을 줄여서 충분한 휴식을 취하면서 몸을 회복해야겠어.
train-023003,ANXIOUS,당황,남의 시선을 의식하는,v2-primary-physical-fatigue,가족들이 나를 신경 쓸까 봐 몸이 아프다고 말 안 했어. 괜히 신경 쓰이게 하고 싶지 않네. 얼른 낫고 싶다. 병원 잘 다니고 주는 약 잘 챙겨 먹어야겠지.
train-023014,SAD,당황,외로운,v2-primary-physical-fatigue,몸이 아프고 일이 힘든 것은 문제가 되지 않는데 떨어져 살고 있는 가족들 생각을 하면 외로워져. 매일 일을 할 때마다 머릿속에 가족 생각 밖에 없어서 집중이 잘 안 돼. 이번 달만 열심히 일하면 연휴니까 그때 가족들 얼굴을 볼 수 있을 거야.
train-023138,ANXIOUS,불안,스트레스 받는,v2-primary-physical-fatigue,야근에 회식까지 회사에 시간이 너무 많이 빼앗기는 것 같아서 스트레스가 많아. 이직 전 회사도 회식이 너무 잦아서 힘들었는데 여기도 다를 바가 없네. 말도 꺼내기 힘들어서 조용히 나왔어. 이번 직장에서는 적당히 치고 빠져야겠어.
train-023178,SAD,상처,괴로워하는,v2-primary-physical-fatigue,주 업무가 있는데 다른 업무들 때문에 매일 야근만 하고 있어 너무 힘들어. 주 업무도 매일 일정량을 해야 돼서 야근을 안 할 수가 없네. 회사 그만두고 싶어. 집에 가서 그냥 쉬고 싶어.
train-023180,SAD,상처,괴로워하는,v2-primary-physical-fatigue,연일 계속된 야근에 수면부족으로 머리가 멍해. 너무 괴로워. 회사가 그만 두고 싶다가도 어렵게 들어온 거라 용기가 안 나. 휴가내고 경치 좋은 곳에서 며칠 쉬고 오고 싶어.
train-023207,ANXIOUS,당황,남의 시선을 의식하는,v2-primary-physical-fatigue,내 부서와 동기 부서가 은근히 경쟁을 해서 동기보다 열심히 하는 것을 보이려고 야근을 했어. 내 동기가 열심히 하니까 나도 남들 시선을 의식하지 않을 수 없어서 열심히 하는 거야. 평소에 열심히 하면 되겠지만 남의 시선을 의식하는 것도 그렇게 나쁘지만은 않아.
train-023626,SAD,슬픔,슬픔,v2-primary-physical-fatigue,몸이 아프니까 돌아가신 부모님이 너무 보고 싶고 슬퍼져. 몸이 아프니까 더 생각이 나는 거 같아. 앨범을 찾아서 사진으로라도 찾아봐야겠어.
train-023789,ANGRY,분노,분노,v2-primary-physical-fatigue,야근을 며칠하고 있는지 모르겠어. 며칠째인지 셀 수도 없어. 너무 힘들어. 지금은 바쁠 때라 어쩔 수 없지. 다 같이 힘든데 나만 빠질 수도 없고 말이야.
train-023838,ANGRY,분노,성가신,v2-primary-physical-fatigue,오늘도 야근이라 너무 지치고 피곤해. 삼 일째 야근 하고 있고 지난주도 야근을 했어. 답답하고 지쳐서 그만하고 싶어. 다음 주에 퇴사를 말하려고 해. 휴가라도 신청하든지.
train-023862,ANXIOUS,불안,스트레스 받는,v2-primary-physical-fatigue,오늘도 회사업무가 많아 야근해서 힘들어 아직도 일이 남아있어 이번 달은 계속 야근이야. 퇴근 후 집에서도 업무를 해야겠지.
train-023863,ANXIOUS,불안,스트레스 받는,v2-primary-physical-fatigue,오늘 회사에서 퇴근하기 전 갑자기 일을 시켜서 야근했어. 이럴 땐 회사 다니기 너무 힘들어. 가족들과 함께 산책을 좀 할까 봐.
train-023950,CALM,기쁨,신뢰하는,v2-primary-physical-fatigue,우리 회사는 업무강도가 센대도 불구하고 어느 직원 하나 불평이 없어. 야근할 때도 있고 업무강도가 심할 때도 있지만 모두 성실하게 일해줘서 고마워. 마음이 닿을지 모르겠지만 작은 선물을 하나씩 돌릴까 해.
train-024601,SAD,상처,괴로워하는,v2-primary-physical-fatigue,일터에서 사장이 나를 무안하게 해서 집에서 편히 잠들지도 못하겠어. 내가 일을 하는데 사장이 한 상황에서 계속 무안하게 하는 장면이 계속 떠올라. 잠을 뒤척이면서 사장이 왜 그랬을까 생각을 해봤어.
train-024841,SAD,상처,괴로워하는,v2-primary-physical-fatigue,모은 돈도 없고 직장도 불확실해서 노후를 생각하면 잠이 오지 않아. 생각이 너무 많아. 어떻게 노후를 준비해야 할지 고민이야. 혼자서는 도저히 안 되겠어. 주변에 물어보고 다녀야겠어.
train-026102,SAD,슬픔,우울한,v2-fatigue+support-context,요즘 너무 지치고 힘들다. 우리 직장에서 내가 제일 힘든 일을 하는 것 같아 젊은이들이랑 생각도 안 맞아서 업무 분담이 힘드네. 뭐라고 말 하면 지적하는 사람이 될 것 같고.
train-027293,SAD,당황,고립된,v2-fatigue+support-context,업무가 너무 많아서 퇴근은 꿈도 못 꾸는 상황이야. 몸도 마음도 너무 피곤하다. 요즘은 잠도 네 시간 이상을 못 자는 것 같아. 이대로 가다가는 정말 쓰러질 것만 같아. 이대로는 안 되겠어. 팀장님께 업무분담 관련 면담을 해봐야겠어.
train-028159,CALM,기쁨,신뢰하는,v2-primary-physical-fatigue,드디어 오늘은 정시에 퇴근을 할 수가 있겠네. 며칠 동안 업무가 많아서 야근을 해서 저녁도 제대로 못 먹었어. 오랜만에 집밥도 만들어 먹고 내가 좋아하는 드라마 정주행 예정이야.
train-028377,SAD,상처,희생된,v2-primary-physical-fatigue,다음 주 우리 팀 보고 대회 준비하느라고 한 달 넘게 야근이야. 사원 변동 내역을 조사해야 하는데 할 사람도 없어 보여. 옆 부서에 김 사원에게 도움을 청해봐야겠어.
train-028406,SAD,슬픔,슬픔,v2-primary-physical-fatigue,매년 체력이 떨어지는 것 같아. 이제는 조금만 움직여도 쉽게 지쳐버려. 간단히 산책해볼까 해.
train-028417,SAD,슬픔,우울한,v2-primary-physical-fatigue,요새 회사에서 계속 야근하니까 너무 힘들어. 일을 해도 해도 안 끝나는 것 같아. 열심히 하는데도 끝이 보이지 않아. 사람을 더 뽑아 달라니까 뽑아 주지도 않고. 돈 아낀다고 있는 사람들만 들들 볶고 있지. 인력 충원이 필요한데 요구해도 해주지 않아서 힘들어.
train-028568,HAPPY,기쁨,자신하는,v2-primary-physical-fatigue,나 요즘 너무 규칙적인 생활을 하고 있어. 그런데 자꾸 새벽에 잠이 깨. 수면 시간이 짧아지니 오후에 졸려서.
train-028602,ANXIOUS,당황,남의 시선을 의식하는,v2-fatigue+support-context,나는 회사만 다녀오면 너무 피곤해. 회사에서 타인의 시선이 너무 부담스럽고 불편해. 모두가 나의 업무실력을 비하하는 것만 같아서 타인의 눈치를 보게 돼.
train-028830,ANXIOUS,당황,당황,v2-primary-physical-fatigue,어제 회사 동료들과 술을 마셨는데 내가 취해서 주사 부린 게 소문났나 봐. 아니. 기억은 잘 안 나지만 화장실에서 잠들고 그런 것 같아.
train-028867,ANXIOUS,불안,취약한,v2-primary-physical-fatigue,의사가 되는 과정에서도 항상 코피 흘리며 힘들었지만 사실 지금이 더 힘들어. 우리나라의 취약한 의사 대접에 원통해. 의사들이 단체로 반발하고 파업을 해서 권위를 높여야 해.
train-029117,CALM,기쁨,편안한,v2-primary-physical-fatigue,재택 근무 하니까 편하긴 하다. 출퇴근 스트레스가 없는게 젤 좋은 것 같아.
train-029223,SAD,슬픔,실망한,v2-primary-physical-fatigue,열심히 일해서 돈벌었는데 몸이 아프니 다 필요가 없네. 운동과 안좋은 식습관을 고쳐서 다시 건강을 회복해야 겠어.
train-029328,ANGRY,분노,분노,v2-primary-physical-fatigue,나는 늘 열심히 운동하고 건강에 신경쓰는데 왜 나이에 비해서 체력이 떨어지는지 모르겠어. 운동만 하는 것이 아니라 좋은 음식을 먹도록 노력해봐야겠어.
train-029480,ANGRY,분노,툴툴대는,v2-primary-physical-fatigue,여기저기 몸이 아프지 않은 곳이 없어서 힘들어. 글쎄. 운동을 하고 싶어도 몸이 아파 할 수 없어 답답한 마음이야.
train-029494,ANXIOUS,불안,스트레스 받는,v2-primary-physical-fatigue,몸이 아프다는 건 사람들을 만나지 못한다는 거야. 나이 들고 몸이 아파 사람들을 만나지 못하니 스트레스 받아.
train-029545,ANGRY,분노,방어적인,v2-primary-physical-fatigue,어제 일이 너무 많아서 야근을 했지 뭐야! 피곤해 조금 쉬고 싶어. 직장 업무 스트레스로 이러다 쓰러지지나 않을지 모르겠어.
train-029672,SAD,슬픔,눈물이 나는,v2-primary-physical-fatigue,어제 회사에서 또 야근을 했어. 너무 힘들어. 너무 힘들어. 그래도 일을 해야 하니 어쩔 수 없지.
train-029810,ANXIOUS,당황,당황,v2-fatigue+support-context,건강하다고 생각했는데 요새 몸이 자주 피곤해서 당황스럽네. 육십대 후반이 되어서 그런가? 아직 건강검진을 안 받아봤어. 겨울쯤에 건강검진 받으러 다녀오려고.
train-029964,SAD,분노,좌절한,v2-fatigue+support-context,너무 피곤하고 의욕이 없어서 일을 할 수가 없어. 우선 좀 쉬면서 하고 싶은걸 해보도록 노력해보려구.
train-030734,ANGRY,슬픔,환멸을 느끼는,v2-fatigue+support-context,건강에 신경쓰는 것도 이제 피곤해 너무 지치고 힘들어. 삶을 더 이렇게 아픈 거에 연연하고 살아야할지 스트레스 받아. 맞아 신경을 쓰니까 더 아픈거 있지? 스트레스성 두통이나 복통도 자주 생기고. 그래서 이젠 신경 안쓰고싶어.
train-030856,SAD,슬픔,마비된,v2-primary-physical-fatigue,요즘 거의 매일 야근을 하다 보니 내가 뭘 하고 있는지도 모르겠어. 일하는 기계가 된 느낌이야. 아무 생각 없이 눈뜨면 일하러 가고 퇴근하면 자고.
train-030973,ANXIOUS,분노,안달하는,v2-primary-physical-fatigue,언니가 화장품 빌려준다고 하고서 안 빌려줘. 응. 난 언니한테 지난번에 용돈까지 발려줬는데. 오늘 언니가 퇴근하고 오면 약속 꼭 지키라고 얘기할래.
train-031328,ANGRY,분노,구역질 나는,v2-primary-physical-fatigue,회사에서 내 건강은 생각하지도 않는 거 같아. 매일 야근이야. 그래. 일이 넘쳐서 진짜 구역질이 나곤 한다니까.
train-031696,ANGRY,분노,툴툴대는,v2-fatigue+support-context,요즘 직장에서 업무 스트레스로 피곤하네. 직원 몇명이 그만 둬서 그 업무가 나한테 왔지.
train-031703,SAD,상처,희생된,v2-primary-physical-fatigue,직원 실적이 부족해서 팀 전체 실적까지 부족해졌어. 우리 팀 전체 야근을 하게 되지. 정말 스트레스 받아.
train-032005,SAD,당황,고립된,v2-primary-physical-fatigue,나이 들고 몸이 아프니까 일을 나갈 수가 없어서 집 안에만 있게 돼. 일도 일이지만 무엇보다 사람들하고 소통하지 못하는 게 더 쓸쓸해. 그래도 얘기 할 수 있어서 그나마 위안이 되는걸?
train-032202,ANGRY,분노,툴툴대는,v2-fatigue+support-context,가족이 자꾸 건강 생각해서 운동하라고 잔소리야. 귀찮아 죽겠어. 나는 운동이라면 치를 떠는 사람인데 헬스클럽까지 예약해 놓았다니까. 체력이 좋아진다는데 힘만 들고 운동 갔다 오면 피곤하기만 해.
train-032765,HAPPY,기쁨,만족스러운,v2-primary-physical-fatigue,나 이번에 원하는 직장으로 이직했어. 연봉도 만족스러울 만큼 협상이 잘 되었어. 새 직장은 출퇴근 시간이 짧아서 내 시간이 많이 생길 것 같아. 내 시간이 생기면 규칙적인 운동을 하고 싶어.
train-032805,HAPPY,기쁨,감사하는,v2-primary-physical-fatigue,이번 주면 하반기 기획안 마무리될 것 같아서 다행이다. 지난주까지 매일 야근하느라 너무 힘들고 스트레스 받았거든. 어. 그래도 이번 주에 보고하고 나면 한동안은 스트레스가 확 줄어들 것 같아.
train-032806,SAD,상처,"가난한, 불우한",v2-primary-physical-fatigue,요즘 나이가 들어서 그런지 통 기력이 없어. 어. 일도 바쁘고 체력도 많이 떨어졌어. 한의원에 갔더니 한약을 추천하더라고. 그런데 한약 값이 너무 비싸서 엄두를 못 내겠더라고.
train-032991,ANXIOUS,불안,스트레스 받는,v2-primary-physical-fatigue,업무가 너무 많아서 스트레스 받아. 사장님도 아실 거야. 직원들이 거의 매일 야근하고 몇 달마다 그만 두는데 모를 수가 없어.
train-033028,SAD,상처,버려진,v2-primary-physical-fatigue,요즘 들어 몸이 자꾸 아파서 힘들어. 몸이 아프니 만사가 귀찮아. 내 몸을 너무 버려놨나 봐. 가벼운 걷기 운동이라도 해야할 것 같아.
train-033110,SAD,상처,"가난한, 불우한",v2-primary-physical-fatigue,요즘 야근이 많아서 너무 피곤한데 돈 때문에 계속 다녀야 하는 게 힘들어. 나만 왜 이렇게 가난한지 모르겠어.
train-033120,SAD,상처,희생된,v2-primary-physical-fatigue,요즘 야근이 많아 피곤해. 일주일에 세 번 이상하고 있어. 주말에도 토요일은 거의 나가서 일하고 있어. 응. 갑자기 바빠져서 충원도 이야기 해 봤지만 요즘 경기가 어렵다고 우리가 희생 좀 해달라고 하네.
train-033298,SAD,슬픔,눈물이 나는,v2-fatigue+support-context,몸이 예전 같지 않고 너무 피곤하고 힘들어. 운동을 해보고 싶긴 하지만 귀찮아
train-033366,ANXIOUS,불안,취약한,v2-primary-physical-fatigue,요즘 체력이 떨어지면서 몸이 자꾸 아프고 기운이 없다 보니 자존감도 떨어지고 마음이 약해져서 작은 일에도 상처받고 자꾸 생각나. 몸이 안 좋아진 것이 시작점이었으니까 체력을 길러보려고 해. 몸이 좋아지면 할 수 있는 일의 범위도 넓어지고 자신감도 회복될 것 같아. 몸이 많이 안 좋은 상태이기 때문에 우선 생활에서 할 수 있는 작은 운동부터 하려고 해. 대중교통보다 걷기를 한다던가 가벼운 스트레칭과 근력운동부터 할 거야.
train-033513,ANXIOUS,불안,회의적인,v2-fatigue+support-context,나도 이제 내 건강에 자신이 없어. 나름 신경 쓰며 살았는데 몸이 많이 피곤하고 안좋아. 이젠 나이가 있으니 좋아진다는 기대를 못 하겠어. 지금은 노력해봤자 소용 없겠지.
train-033547,ANGRY,분노,성가신,v2-primary-physical-fatigue,요즘 몸이 아프니까 만사가 귀찮고 성가시다. 병원에 가봤는데 허리디스크래. 어쩐지 허리가 아파서 일어나기 귀찮더라고. 자세교정도 하고 치료에 임하면 괜찮아질 것 같아.
train-033674,ANXIOUS,불안,걱정스러운,v2-fatigue+support-context,요즘 잠을 제대로 못 자서 낮에는 늘 피곤한 것 같아. 지금 다니는 회사를 계속 다니는 게 맞는지 고민되네.
train-033729,CALM,기쁨,안도,v2-fatigue+support-context,갑자기 목덜미가 뻐근하고 눈앞이 깜깜해지는 증상을 겪었어. 무슨 병인 줄 알고 깜짝 놀랐네. 저번 주에 그랬는데 아직 병원 가기 전에 주말에 푹 쉬고 나니까 풀리더라. 아마 일하느라 피곤해서 그랬나 봐.
train-033955,SAD,슬픔,낙담한,v2-primary-physical-fatigue,나 요즘 매일 퇴사를 고민 중이라 힘들어. 사람들은 내가 좋은 직장에 다닌다고 부러워하지만 사실 아니야. 야근이 너무 많고 실적 압박도 커서 견디기 힘들어.
train-034157,SAD,슬픔,슬픔,v2-primary-physical-fatigue,오늘 팀장님께 한 시간 넘게 구박당했어. 기안 올린 보고서에 통계 자료가 틀렸다고 무능하기 짝이 없대. 야근을 해서라도 자료 조사하는데 시간을 더 들여야겠어.
train-034763,ANXIOUS,불안,스트레스 받는,v2-primary-physical-fatigue,가뜩이나 불면증이 있는데 위층에 사람이 이사 온 후 소음이 심해 진절머리가 나. 젊은 부부인 것 같은데 참다 참다 이제는 스트레스받을 지경에 이르렀어. 위층에 가서 솔직하게 우리 입장에 대해 이야기했었어.
train-035851,SAD,슬픔,눈물이 나는,v2-fatigue+support-context,열심히 공부를 했는데도 성적이 안올라. 이러다가 내가 하고 싶은 일을 할 수 없을것 같아서 너무 괴로워. 고마워. 우선 너무 피곤하니 잠부터 자고 싶어.
train-038567,ANXIOUS,당황,혐오스러운,v2-primary-physical-fatigue,몸이 아프니까 누가 날 좀 생각해줬으면 좋겠어. 내가 뭘 잘못한 게 많나 봐. 이런 고통을 받다니. 그래도 속이 상해 죽겠어. 더 잘 살았어야 했나 봐.
train-038683,SAD,상처,괴로워하는,v2-primary-physical-fatigue,회사 동료들보다 조금 일찍 퇴직하게 됐어. 승진에서 밀려서 그렇지 뭐. 좀 더 야근할 걸 그랬나? 성과를 보여주지 못해서 그런가 봐. 그때로 돌아간다면 좀 더 매진할걸.
train-038842,ANXIOUS,불안,걱정스러운,v2-fatigue+support-context,요즘 몸이 너무 뻐근해. 부업을 해서 그런가 봐. 너무 피곤하네. 노후 준비가 너무 안 돼서 이거라도 해야 할 것 같더라고. 나이 들어서 쉬지도 못하고 너무 힘들어.
train-038916,ANGRY,당황,한심한,v2-primary-physical-fatigue,불면증이 나아지지 않아. 잠 좀 푹 자면 좋겠어. 경제력이 없어지니 내가 쓸모없는 존재가 된듯한 생각이 들어. 오래 다니던 회사에서 명퇴를 당한 후 서운한 마음이 가시지 않아. 마음이 불편하니 잠도 잘못 자는 건가 봐.
train-038945,SAD,슬픔,마비된,v2-primary-physical-fatigue,난 요즘 식욕이 없고 밤에 잠이 오지 않아 낮에도 늘 피곤한 상태여서 사람 만나기가 꺼려져. 문득 지난 세월을 돌이켜보니 모든 게 허무하게 느껴지며 늙어간다는 것이 슬퍼. 조금 더 노력해보고 개선되지 않으면 병원에 가서 약을 처방받아야겠어.
train-039054,SAD,당황,열등감,v2-primary-physical-fatigue,이직을 심각하게 고려 중이야. 거의 매일 야근이고 업무량이 너무 많아서 나 자신을 학대하고 있다는 생각이 들어. 개인 시간이 전혀 없어. 이렇게 죄책감에 시달리느니 차분히 다른 직장을 알아보아야겠어.
train-039228,SAD,슬픔,슬픔,v2-primary-physical-fatigue,소득이 일정하지가 않아. 그래서 힘들어도 먹고 살려면 열심히 일해야 하는데. 문제는 일만 해야 해. 그래서 누굴 만나지도 못하고 하루종일 일하면 녹초가 돼서 쓰러져 자버려.
train-039430,ANXIOUS,불안,혼란스러운,v2-fatigue+support-context,늙으니 돈도 없어서 이혼하고 싶어. 몸도 아프니 누구랑 같이 살고 싶지가 않아. 혼자 편하게 살고 싶어. 누구랑 같이 있으면 신경쓰느라 안절부절 하게 되니까 점점 지치게 되더라고.
train-039470,ANGRY,분노,구역질 나는,v2-primary-physical-fatigue,일상생활에 제한이 많다 보니 어려움이 있네. 몸이 아프고 다니기가 힘드니 자신만 비난하는 것 같네. 자신을 자꾸 미워하게 되는 것 같네.
train-039613,ANXIOUS,불안,당혹스러운,v2-primary-physical-fatigue,할머니가 되니 질병이 생기네. 고령이 되니 모든 일에 집중하기 어려워서 문제야. 몸이 아프니 지인들과 의사소통도 단절되어서 정말 외로워.
train-039756,SAD,당황,고립된,v2-primary-physical-fatigue,나이 들어 서글픈데 질환까지 있으니 상심이 되네. 몸 관리를 잘못했다. 생각하니 죄책감이 드는군. 그래도 몸이 아프다는 건 벌 받은 거네.
train-040179,ANGRY,상처,질투하는,v2-primary-physical-fatigue,노년에 접어드니 무릎이 제일 말썽이야. 통증이 심한 날은 밤에 잠들기도 힘들어. 무릎 통증 때문에 일상생활도 힘들고 스트레스가 이만저만이 아니야.
train-040236,ANGRY,당황,한심한,v2-primary-physical-fatigue,내가 한동안 불면증에 시달렸던 일이 있었어. 밤에 잠을 못 자고 회사에서 잠이 드니 일을 할 수가 없어서 그만뒀어. 내 일을 책임감 있게 하지 못하니 그만뒀지. 그래서 지금은 소득이 없는 상태야.
train-040443,ANGRY,분노,짜증내는,v2-primary-physical-fatigue,몸이 여기저기 아프니 나 자신이 싫어. 나이가 들어가니 안 아플 수 없지만 너무 아파서 지긋지긋해. 몸이 아프니 만사가 귀찮고 그럴 수가 없어
train-040908,ANXIOUS,분노,안달하는,v2-fatigue+support-context,나는 이제 아무 일도 못 할 것 같아. 노동력이 완전히 상실된 기분이야. 책을 보니 글씨가 겹쳐 보이고 온종일 몸이 피곤해. 눈이 침침하고 체력이 많이 약해진 기분이야. 영양제를 복용하고 체력강화 운동해야 하는데 돈이 없어.
train-041158,ANGRY,분노,짜증내는,v2-primary-physical-fatigue,나이가 들면 나도 모르게 병이 생기는 것 같아. 요사이 잠을 못 자. 생각 하다 보면 한 가지 생각에 사로잡혀서 잠을 못 자곤 하네. 밤새도록 엉뚱한 생각을 하면서 날밤을 새우면 내가 이상한 병에 걸렸나 하는 생각도 들어.
train-041182,ANGRY,상처,질투하는,v2-primary-physical-fatigue,몸이 아프다는 건 나의 일상생활에 제한을 받게 되지. 매사에 조심 해야 되니까. 관리를 젊었을 때부터 잘했다고 했지만. 세월에 이길 장수가 없다는 말이 실감이 나네. 몸이 아프면 괜스레 비관적인 마음만 먹게 되지. 혹시나 암은 아닌가 하고 의심도 하고.
train-041353,SAD,슬픔,마비된,v2-primary-physical-fatigue,나이는 무시할 수가 없어. 나이가 드니 몸도 성한 곳이 없고 일도 못 하겠어. 운동을 하려 해도 몸이 아프다고 느끼니 쉽지가 않다.
train-041360,SAD,당황,외로운,v2-primary-physical-fatigue,몸이 여기저기 많이 고장나는 게 느껴져. 수명이 다 한 것 같아. 나이도 있는데 맡은 업무 강도가 높아서 퇴근하고 오면 안 아픈 곳이 없어. 병원을 다니며 앞으로의 처치 방법을 들으면 몸을 안 쓰는 방법 밖에는 없다는데 그럴 수는 없어.
train-041415,SAD,당황,열등감,v2-primary-physical-fatigue,요즘 지팡이 없이는 나다닐 수가 없어. 몸이 아프니 마음도 아프고 모든 게 편치 않아. 다른 동년배들은 다 건강해 보이니까 나만 뒤쳐지고 인생을 잘 살지 못한 것 같아.
train-041490,ANGRY,분노,노여워하는,v2-primary-physical-fatigue,몸도 아픈데 너무 외로워. 지나보니 지인들에게 너무 폐쇄적으로 대한 것 같아. 몸이 아프고 늙으면 남는 건 주변 사람밖에 없다는 걸 너무 늦게 알았어.
train-041537,ANXIOUS,불안,회의적인,v2-primary-physical-fatigue,파트타임으로 슈퍼에서 일하고 있는데 일이 버겁네. 여기저기 몸이 아프고 해야 할 일을 자꾸 잊어버려서 주임한테 지적당하니 바보가 된 것 같아. 당뇨도 있고 고혈압 약도 먹고 있는데 이게 낫는 병이 아니니까 힘드네.
train-041740,ANXIOUS,당황,혐오스러운,v2-primary-physical-fatigue,나는 요즘 불면증에 시달리고 있어. 내가 다리가 불편해서 재택근무 삼아 블로그로 돈을 벌까 싶어 운영하고 있는데 요즘은 양심의 가책을 느껴. 제품을 무료로 제공받으면서 허황된 광고글을 올리다 보니 스스로와 사람들을 속이고 있다는 생각 때문에 괴로워.
train-041790,ANXIOUS,불안,당혹스러운,v2-primary-physical-fatigue,몸이 아프니까 일자리 구하기가 어렵네. 어떻게 살아가야 할지 모르겠어. 돈도 없고 몸이 아프니 일에 집중도 잘 안돼.
train-043195,SAD,슬픔,마비된,v2-primary-physical-fatigue,피로감이 심해 병원을 갔다 위암 판정을 받았어. 아이들이 아직 어린데 앞이 캄캄하고 너무 슬퍼. 몸이 아프니 예전처럼 일하기가 너무 힘에 겨워. 경제적으로 힘들더라도 모아둔 돈으로 당분간은 아껴 쓰며 치료에 집중해야겠어.
train-043242,ANXIOUS,불안,회의적인,v2-primary-physical-fatigue,허리가 아프니까 아무것도 하기 싫어져. 인생이 너무 무기력해. 뭔가를 하려고 계획을 세워도 몸이 아프니까 자꾸 미루게 돼. 아무것도 하기가 싫어. 뭔가를 하려 하지 않고 그때그때 하고 싶은 일을 찾아서 해야겠어.
train-043258,ANXIOUS,불안,조심스러운,v2-fatigue+support-context,집안일이 끝이 없어. 몸도 안 좋은데 집안일은 출근 퇴근이 없고 이제는 다 지겨워. 집안일을 아이들이 도우려고 하는 데 하는 거 보다가 내가 다 하고 또 피곤해서 눕고 그래. 내가 아이들 하는 게 성에 안 차도 좀 하게 두고 내 몸을 좀 추슬러야겠어.
train-043335,SAD,당황,죄책감의,v2-primary-physical-fatigue,요즘 부쩍 기력이 없어. 아침에 눈 뜨기도 힘들어. 마누라 있을 땐 끼니도 잘 먹었는데 그땐 고마운 줄을 몰랐어. 내가 할 줄 아는 거라고 해 봐야 뭐 간편식 그런 거 데워먹는 거 정도야.
train-043599,ANGRY,슬픔,환멸을 느끼는,v2-fatigue+support-context,여기저기 쑤시는 몸으로 밥 벌어먹고 사려니 너무나 힘이 든다. 털어놓고 얘기할 사람도 없어서 몸도 마음도 더욱 지치는구나. 내가 첫 직장을 얻었을 때 생각. 그땐 참 열정이 많은 사람이었지.
train-044549,SAD,슬픔,실망한,v2-primary-physical-fatigue,내가 몸이 아프다고 했는데 우리 부모님이 관심이 없어. 너무 슬퍼. 우리 부모님은 내가 아프다 해도 꾀병이라 생각하고 대수롭지 않게 넘기셔서 서러워. 내가 부모님에게 잘 설득해야 해.
train-044624,ANXIOUS,불안,회의적인,v2-primary-physical-fatigue,불면증이라 잠을 못 자. 돈이 없어서 벌어야 하는데 잠을 못 자서 몽롱하니 일하기 싫어. 약을 먹으면 너무 몽롱하고 안 먹으면 잠을 못 자니 힘들어. 차라리 병원에 가서 치료를 받고 얼른 돈 벌러 가야겠어. 그게 가장 빠른 방법이야.
train-045027,ANGRY,상처,질투하는,v2-primary-physical-fatigue,프로젝트를 타 팀이 가로챘어. 그들보다 더 나은 업적을 쌓아야 한다는 생각에 잠을 못 자. 분명 그 팀의 팀장이 고객사에 뇌물을 주었을 거야. 의심이 가지만 물증이 없어 괴로워. 이미 끝났어. 난 이번 프로젝트를 따내지 못해서 승진에서 밀려날 거야.
train-045533,ANGRY,분노,성가신,v2-primary-physical-fatigue,나이 들고 몸이 아프니 애들이 날 돌봐줬으면 하는데 아무도 그럴 생각을 안 해. 헛살았나 봐. 아이들을 열심히 사랑으로 키웠다고 생각했는데 애들은 그게 느끼지 않았나 봐. 모두 내 잘못이야. 아이들을 비난해 뭐해. 약해진 건강을 내가 더 챙기고 아이들하고도 좀 더 이야기해봐야겠어.
train-046242,ANGRY,분노,노여워하는,v2-fatigue+support-context,정규직으로 전환되려면 일을 열심히 해야 해. 동기들보다 몸이 아파서 못하고 있어. 어렸을 때부터 몸이 약해서 쉽게 피곤해지고 힘들거든. 이러다가 낙오될 것 같아. 일단 내가 일을 하는 시간에라도 최선을 다해서 해야겠어. 그래야 할 것 같아.
train-047589,ANXIOUS,불안,스트레스 받는,v2-primary-physical-fatigue,요즘 불면증 때문에 일을 제대로 할 수가 없어. 성과가 떨어지니 월급도 줄어들었어. 불면증 때문에 회사 일도 더욱 스트레스받아. 자보려고 노력하는데도 잠도 안 오고. 아무래도 방치하지 말고 병원에 가봐야겠어.
train-047654,SAD,슬픔,비통한,v2-primary-physical-fatigue,몸이 아프다 보니 일을 할 수 없어서 너무 슬퍼. 젊었을 때 돈을 모았다면 이러진 않을 텐데 내가 불행하게 느껴져. 주민센터에서 도움을 요청을 해봐야지.
train-047966,ANXIOUS,불안,회의적인,v2-fatigue+support-context,나이가 들어 신장에 문제가 생겼대. 쉽게 피곤해지고 뭐든지 하기가 힘들어. 아직 중년인데 벌써 늙었나 싶기도 하고 쓸모없는 사람이 된 것 같아 무기력하군. 의사가 운동을 열심히 하라고 하더군. 몸이 건강해야지 마음도 건강할 수 있다고 말이야.
train-048356,SAD,당황,고립된,v2-fatigue+support-context,잠을 못 잤더니 피곤해 죽겠어. 어제도 밤새 핸드폰 게임을 했거든. 게임을 너무 많이 해서 성적도 떨어져. 벌 받는 건가 봐. 일정 시간이 지나면 핸드폰을 잠그는 애플리케이션이 있대. 그거라도 써 볼까 싶어.
train-048536,ANXIOUS,불안,조심스러운,v2-primary-physical-fatigue,내가 허리디스크로 몸이 아프다 보니 가정일 에는 흥미가 없어지고 스트레스만 쌓여. 머리로 해야 할 것들은 많은데 실천하려니 몸이 안 따라줘서 스트레스받아. 디스크가 원인이니 일단 병원에 가서 치료를 받아야겠어.
train-048577,ANXIOUS,불안,조심스러운,v2-primary-physical-fatigue,몸이 아프다 보니 가정생활이 제대로 이루어지지 않는 것 같아. 집안일도 제대로 못 하고 가정에 아무런 흥미가 없어. 가족들과 상의를 해봐야겠어.
train-049635,SAD,상처,고립된,v2-primary-physical-fatigue,여기저기 몸이 아프니 삶에 대해 희망도 없고 점점 안 좋은 생각만 들어. 몸이 아프니 마음도 더 힘들어지는 것 같아. 긍정적으로 생각하면 좋을 텐데. 꾸준히 운동하고 적절한 휴식도 취하면서 노력해야 할 것 같아.
train-049639,ANXIOUS,불안,조심스러운,v2-primary-physical-fatigue,몸이 아프니 집안일도 힘들고 어떤 것에도 흥미가 없어. 스트레스만 쌓이는 것 같아. 몸이 아프니 운동도 더 열심히 해야 하는데 운동하는 게 쉽지가 않아. 쉽지 않겠지만 운동해야겠지. 건강해지면 스트레스도 줄고 흥미도 생길 거야.
train-049671,SAD,슬픔,후회되는,v2-fatigue+support-context,중년이 되니 예전만큼 체력이 좋지 않고 조금만 일해도 피곤해서 안타깝고 슬퍼. 점점 무기력해지고 위기감도 느껴지는 것 같아. 지금의 상황이 너무나도 싫어. 꾸준히 운동하고 식단 조절하고 건강한 마음으로 살아야 할 것 같아.
train-050408,ANXIOUS,불안,당혹스러운,v2-primary-physical-fatigue,몸이 아프니까 가족과 문제가 생기면 부정적으로 말하게 돼. 몸이 안 좋다 보니 가족 문제에 집중하기가 어려워서 그런 것 같아. 가족들에게 지금 내 몸 상태를 이야기해서 이해해달라고 해봐야겠어.
train-050670,ANGRY,당황,한심한,v2-primary-physical-fatigue,내가 몸이 아프다고 부모님이 너무 과하게 신경 쓰시는 게 너무 죄송스러워. 동생에 비해 나한테 관심과 보호가 지나친 것 같아서 마음이 불편해. 시간을 내서 부모님과 솔직하게 얘기해봐야겠어.
train-050916,SAD,슬픔,마비된,v2-fatigue+support-context,앞으로 내가 뭘 해야 할지 도저히 모르겠어. 몸이 불편해서 할 수 있는 것도 한정적이고. 답이 보이질 않으니까 막막하고 슬퍼. 심지어 이젠 지치기도 해. 일단 뭐든지 도전해볼까 해. 그러다보면 내가 할 수 있는 것들을 찾을 수 있을 것 같아.
